WHO_Region_Code,WHO_Region,Country,Year,malaria_est_incidence,malaria_est_mortality,malaria_cases,malaria_deaths,indigenous_cases,pfalciparum_cases,pvivax_cases
AFR,Africa,Algeria,2000,0.019,0.11,34.0,2.0,,,
AFR,Africa,Algeria,2001,0.003,0.054,6.0,1.0,,,
AFR,Africa,Algeria,2002,0.005,0.0,10.0,0.0,,,
AFR,Africa,Algeria,2003,0.003,0.0,5.0,0.0,,,
AFR,Africa,Algeria,2004,0.001,0.0,2.0,0.0,,,
AFR,Africa,Algeria,2005,0.0005,0.0,1.0,0.0,,,
AFR,Africa,Algeria,2006,0.0005,0.0,1.0,0.0,,,
AFR,Africa,Algeria,2007,0.013,0.0,26.0,0.0,,,
AFR,Africa,Algeria,2008,0.001,0.0,3.0,0.0,,,
AFR,Africa,Algeria,2009,0.0,0.0,0.0,0.0,,,
AFR,Africa,Algeria,2010,0.0005,0.047,1.0,1.0,,,
AFR,Africa,Algeria,2011,0.0005,0.0,1.0,0.0,,,
AFR,Africa,Algeria,2012,0.025,0.0,55.0,0.0,,,
AFR,Africa,Algeria,2013,0.004,0.0,8.0,0.0,,,
AFR,Africa,Algeria,2014,0.0,0.0,0.0,0.0,,,
AFR,Africa,Algeria,2015,0.0,0.0,0.0,0.0,0.0,0,0
AFR,Africa,Algeria,2016,0.0,0.0,0.0,0.0,0.0,0,0
AFR,Africa,Algeria,2017,0.0,0.0,0.0,0.0,0.0,0,0
AFR,Africa,Algeria,2018,0.0,0.0,0.0,0.0,0.0,0,0
AFR,Africa,Algeria,2019,0.0,0.0,0.0,0.0,0.0,0,0
AFR,Africa,Algeria,2020,0.0,0.0,0.0,0.0,0.0,0,0
AFR,Africa,Algeria,2021,0.0,0.0,0.0,0.0,0.0,0,0
AFR,Africa,Algeria,2022,0.0,0.0,0.0,0.0,0.0,0,0
AFR,Africa,Algeria,2023,0.0,0.0,0.0,0.0,0.0,0,0
AFR,Africa,Algeria,2024,0.0,0.0,0.0,0.0,0.0,0,0
AFR,Africa,Angola,2000,326.5,138.1,5288263.0,22365.0,,,
AFR,Africa,Angola,2001,330.8,140.7,5540053.0,23559.0,,,
AFR,Africa,Angola,2002,315.7,125.2,5470306.0,21691.0,,,
AFR,Africa,Angola,2003,319.3,121.7,5729203.0,21842.0,,,
AFR,Africa,Angola,2004,312.6,114.1,5815364.0,21219.0,,,
AFR,Africa,Angola,2005,313.9,107.1,6054977.0,20668.0,,,
AFR,Africa,Angola,2006,299.9,95.7,6002681.0,19154.0,,,
AFR,Africa,Angola,2007,269.5,84.8,5600525.0,17620.0,,,
AFR,Africa,Angola,2008,228.1,69.69,4921164.0,15039.0,,,
AFR,Africa,Angola,2009,193.5,58.68,4337475.0,13152.0,,,
AFR,Africa,Angola,2010,170.4,52.31,3968548.0,12185.0,,,
AFR,Africa,Angola,2011,157.1,47.58,3803798.0,11524.0,,,
AFR,Africa,Angola,2012,153.1,44.26,3853483.0,11144.0,,,
AFR,Africa,Angola,2013,158.1,42.88,4136885.0,11219.0,,,
AFR,Africa,Angola,2014,163.9,42.76,4450526.0,11615.0,,,
AFR,Africa,Angola,2015,174.5,42.94,4912741.0,12090.0,2769305.0,2 769 305,
AFR,Africa,Angola,2016,189.8,44.41,5538352.0,12961.0,3794253.0,3 794 253,
AFR,Africa,Angola,2017,215.3,45.8,6510001.0,13849.0,3874892.0,3 874 892,
AFR,Africa,Angola,2018,232.4,46.01,7274804.0,14399.0,5150575.0,5 150 575,
AFR,Africa,Angola,2019,243.1,47.11,7870619.0,15253.0,7054978.0,7 054 978,
AFR,Africa,Angola,2020,244.5,51.41,8179791.0,17198.0,7343696.0,7 343 696,
AFR,Africa,Angola,2021,258.6,59.34,8930365.0,20493.0,8325921.0,8 325 921,
AFR,Africa,Angola,2022,260.1,56.93,9268350.0,20286.0,7858860.0,7 858 860,
AFR,Africa,Angola,2023,255.5,44.0,9388568.0,16169.0,9098004.0,9 098 004,
AFR,Africa,Angola,2024,258.9,43.25,9808643.0,16385.0,10638498.0,10 638 498,
AFR,Africa,Benin,2000,416.0,88.66,3004220.0,6403.0,,,
AFR,Africa,Benin,2001,434.3,102.2,3233367.0,7608.0,,,
AFR,Africa,Benin,2002,453.5,111.8,3480523.0,8583.0,,,
AFR,Africa,Benin,2003,473.3,124.5,3745277.0,9850.0,,,
AFR,Africa,Benin,2004,495.6,139.5,4043263.0,11380.0,,,
AFR,Africa,Benin,2005,510.2,158.9,4298732.0,13391.0,,,
AFR,Africa,Benin,2006,508.9,167.1,4424230.0,14527.0,,,
AFR,Africa,Benin,2007,496.8,157.3,4447902.0,14084.0,,,
AFR,Africa,Benin,2008,473.5,128.3,4369795.0,11839.0,,,
AFR,Africa,Benin,2009,448.6,109.6,4265555.0,10426.0,,,
AFR,Africa,Benin,2010,417.1,94.74,4086249.0,9282.0,,,
AFR,Africa,Benin,2011,383.0,84.32,3865748.0,8511.0,,,
AFR,Africa,Benin,2012,365.2,79.31,3797021.0,8246.0,,,
AFR,Africa,Benin,2013,362.1,78.8,3878086.0,8439.0,,,
AFR,Africa,Benin,2014,369.1,80.22,4071327.0,8848.0,,,
AFR,Africa,Benin,2015,390.8,88.63,4439351.0,10069.0,1721626.0,1 721 626,
AFR,Africa,Benin,2016,415.9,96.12,4865347.0,11244.0,1610790.0,1 610 790,
AFR,Africa,Benin,2017,415.7,93.56,5005399.0,11265.0,1933912.0,1 933 912,
AFR,Africa,Benin,2018,407.7,86.53,5048803.0,10715.0,1975812.0,1 975 812,
AFR,Africa,Benin,2019,399.9,84.33,5089580.0,10732.0,2895878.0,2 895 878,
AFR,Africa,Benin,2020,377.0,78.96,4927525.0,10320.0,2516646.0,2 516 646,
AFR,Africa,Benin,2021,378.2,82.86,5072961.0,11115.0,2634063.0,2 634 063,
AFR,Africa,Benin,2022,376.6,79.52,5181843.0,10942.0,2557084.0,2 557 084,
AFR,Africa,Benin,2023,361.3,70.36,5097786.0,9928.0,1882757.0,1 882 757,
AFR,Africa,Benin,2024,354.3,68.77,5123465.0,9946.0,1739412.0,1 739 412,
AFR,Africa,Botswana,2000,17.23,3.24,19156.0,36.0,,,
AFR,Africa,Botswana,2001,6.79,2.55,7703.0,29.0,,,
AFR,Africa,Botswana,2002,3.17,1.99,3666.0,23.0,,,
AFR,Africa,Botswana,2003,1.58,1.53,1864.0,18.0,,,
AFR,Africa,Botswana,2004,1.02,1.59,1218.0,19.0,,,
AFR,Africa,Botswana,2005,1.2,0.9,1466.0,11.0,,,
AFR,Africa,Botswana,2006,3.86,3.22,4803.0,40.0,,,
AFR,Africa,Botswana,2007,1.02,0.47,1292.0,6.0,,,
AFR,Africa,Botswana,2008,1.9,0.93,2457.0,12.0,,,
AFR,Africa,Botswana,2009,2.06,0.45,2719.0,6.0,,,
AFR,Africa,Botswana,2010,1.65,0.59,2229.0,8.0,,,
AFR,Africa,Botswana,2011,0.5,0.58,682.0,8.0,,,
AFR,Africa,Botswana,2012,0.22,0.21,304.0,3.0,,,
AFR,Africa,Botswana,2013,0.51,0.49,725.0,7.0,,,
AFR,Africa,Botswana,2014,1.44,1.53,2076.0,22.0,,,
AFR,Africa,Botswana,2015,0.31,0.34,455.0,5.0,284.0,278,
AFR,Africa,Botswana,2016,0.67,0.2,986.0,3.0,659.0,640,
AFR,Africa,Botswana,2017,1.96,1.13,2938.0,17.0,1847.0,1831,4
AFR,Africa,Botswana,2018,0.53,0.59,809.0,9.0,534.0,534,
AFR,Africa,Botswana,2019,0.17,0.45,259.0,7.0,169.0,169,
AFR,Africa,Botswana,2020,1.13,0.7,1778.0,11.0,884.0,884,
AFR,Africa,Botswana,2021,0.67,0.31,1072.0,5.0,703.0,703,
AFR,Africa,Botswana,2022,0.34,0.37,549.0,6.0,397.0,397,
AFR,Africa,Botswana,2023,0.47,0.24,775.0,4.0,560.0,552,
AFR,Africa,Botswana,2024,0.2,0.06,335.0,1.0,231.0,208,
AFR,Africa,Burkina Faso,2000,597.2,374.8,7121621.0,44696.0,,,
AFR,Africa,Burkina Faso,2001,597.5,372.6,7346774.0,45815.0,,,
AFR,Africa,Burkina Faso,2002,592.5,353.9,7513033.0,44881.0,,,
AFR,Africa,Burkina Faso,2003,582.1,318.0,7615906.0,41606.0,,,
AFR,Africa,Burkina Faso,2004,559.0,277.3,7546925.0,37437.0,,,
AFR,Africa,Burkina Faso,2005,528.5,238.9,7363398.0,33283.0,,,
AFR,Africa,Burkina Faso,2006,511.2,228.3,7347269.0,32809.0,,,
AFR,Africa,Burkina Faso,2007,519.3,225.1,7693631.0,33345.0,,,
AFR,Africa,Burkina Faso,2008,549.6,236.4,8386574.0,36065.0,,,
AFR,Africa,Burkina Faso,2009,568.6,242.9,8932652.0,38166.0,,,
AFR,Africa,Burkina Faso,2010,568.4,234.6,9194223.0,37944.0,,,
AFR,Africa,Burkina Faso,2011,554.7,216.3,9242057.0,36043.0,,,
AFR,Africa,Burkina Faso,2012,533.4,182.6,9159529.0,31360.0,,,
AFR,Africa,Burkina Faso,2013,487.1,148.9,8620220.0,26341.0,,,
AFR,Africa,Burkina Faso,2014,446.1,132.5,8132937.0,24153.0,,,
AFR,Africa,Burkina Faso,2015,418.0,114.4,7848131.0,21478.0,7015446.0,7 015 446,
AFR,Africa,Burkina Faso,2016,373.2,93.85,7215226.0,18145.0,9779411.0,9 779 411,
AFR,Africa,Burkina Faso,2017,356.6,86.12,7093584.0,17134.0,10557260.0,10 557 260,
AFR,Africa,Burkina Faso,2018,356.2,81.24,7280725.0,16604.0,10278970.0,10 278 970,
AFR,Africa,Burkina Faso,2019,356.5,77.68,7472680.0,16283.0,5877426.0,5 877 426,
AFR,Africa,Burkina Faso,2020,378.2,88.17,8122685.0,18937.0,10600340.0,10 600 340,
AFR,Africa,Burkina Faso,2021,378.6,76.08,8326915.0,16733.0,11791638.0,11 791 638,
AFR,Africa,Burkina Faso,2022,356.3,73.02,8019213.0,16436.0,11415559.0,11 415 559,
AFR,Africa,Burkina Faso,2023,353.5,70.12,8139355.0,16146.0,10515380.0,10 515 380,
AFR,Africa,Burkina Faso,2024,353.5,68.73,8324231.0,16184.0,10838579.0,10 838 579,
AFR,Africa,Burundi,2000,427.5,182.4,2765887.0,11803.0,,,
AFR,Africa,Burundi,2001,416.1,178.9,2760685.0,11872.0,,,
AFR,Africa,Burundi,2002,388.1,158.3,2648618.0,10803.0,,,
AFR,Africa,Burundi,2003,343.4,132.2,2418956.0,9311.0,,,
AFR,Africa,Burundi,2004,296.0,111.5,2163756.0,8155.0,,,
AFR,Africa,Burundi,2005,284.5,92.17,2158458.0,6993.0,,,
AFR,Africa,Burundi,2006,287.8,80.54,2263569.0,6335.0,,,
AFR,Africa,Burundi,2007,287.9,68.11,2350141.0,5559.0,,,
AFR,Africa,Burundi,2008,288.8,58.02,2456214.0,4935.0,,,
AFR,Africa,Burundi,2009,281.6,52.25,2519306.0,4675.0,,,
AFR,Africa,Burundi,2010,259.3,50.14,2431684.0,4701.0,,,
AFR,Africa,Burundi,2011,245.4,48.89,2384307.0,4751.0,,,
AFR,Africa,Burundi,2012,232.2,49.95,2338904.0,5030.0,,,
AFR,Africa,Burundi,2013,235.0,48.98,2452824.0,5113.0,,,
AFR,Africa,Burundi,2014,250.9,48.6,2709188.0,5249.0,,,
AFR,Africa,Burundi,2015,285.0,49.21,3148549.0,5437.0,5428710.0,5 428 710,
AFR,Africa,Burundi,2016,321.3,51.42,3611287.0,5779.0,8793176.0,8 793 176,
AFR,Africa,Burundi,2017,346.3,51.37,3984660.0,5911.0,8795952.0,8 795 952,
AFR,Africa,Burundi,2018,350.8,54.12,4160542.0,6418.0,4966511.0,4 966 511,
AFR,Africa,Burundi,2019,345.3,52.85,4231527.0,6477.0,9959533.0,9 959 533,
AFR,Africa,Burundi,2020,345.1,57.77,4354589.0,7289.0,4720103.0,4 720 103,
AFR,Africa,Burundi,2021,350.0,55.73,4537471.0,7226.0,6615714.0,6 615 714,
AFR,Africa,Burundi,2022,342.3,53.64,4559934.0,7146.0,8117435.0,8 117 435,
AFR,Africa,Burundi,2023,323.2,46.04,4425102.0,6302.0,5605763.0,5 580 188,
AFR,Africa,Burundi,2024,314.9,45.48,4423640.0,6389.0,6159110.0,6 159 110,
AFR,Africa,Cabo Verde,2000,1.22,,144.0,0.0,,,
AFR,Africa,Cabo Verde,2001,0.89,0.0,107.0,0.0,,,
AFR,Africa,Cabo Verde,2002,0.63,1.65,76.0,2.0,,,
AFR,Africa,Cabo Verde,2003,0.55,3.25,68.0,4.0,,,
AFR,Africa,Cabo Verde,2004,0.36,3.21,45.0,4.0,,,
AFR,Africa,Cabo Verde,2005,0.54,1.59,68.0,2.0,,,
AFR,Africa,Cabo Verde,2006,0.63,6.27,80.0,8.0,,,
AFR,Africa,Cabo Verde,2007,0.14,1.55,18.0,2.0,,,
AFR,Africa,Cabo Verde,2008,0.27,1.53,35.0,2.0,,,
AFR,Africa,Cabo Verde,2009,0.49,1.52,65.0,2.0,,,
AFR,Africa,Cabo Verde,2010,0.35,0.75,47.0,1.0,,,
AFR,Africa,Cabo Verde,2011,0.053,0.75,7.0,1.0,,,
AFR,Africa,Cabo Verde,2012,0.008,0.0,1.0,0.0,,,
AFR,Africa,Cabo Verde,2013,0.17,0.0,22.0,0.0,,,
AFR,Africa,Cabo Verde,2014,0.2,0.75,26.0,1.0,,,
AFR,Africa,Cabo Verde,2015,0.053,0.0,7.0,0.0,7.0,7,
AFR,Africa,Cabo Verde,2016,0.37,0.75,49.0,1.0,49.0,49,
AFR,Africa,Cabo Verde,2017,3.17,1.5,423.0,2.0,423.0,423,
AFR,Africa,Cabo Verde,2018,0.015,0.0,2.0,0.0,2.0,2,
AFR,Africa,Cabo Verde,2019,0.0,0.0,0.0,0.0,0.0,0,0
AFR,Africa,Cabo Verde,2020,0.0,0.0,0.0,0.0,0.0,0,0
AFR,Africa,Cabo Verde,2021,0.0,0.0,0.0,0.0,0.0,0,0
AFR,Africa,Cabo Verde,2022,0.0,0.0,0.0,0.0,0.0,0,0
AFR,Africa,Cabo Verde,2023,0.0,0.0,0.0,0.0,0.0,0,0
AFR,Africa,Cabo Verde,2024,0.14,1.47,19.0,2.0,19.0,19,0
AFR,Africa,Cameroon,2000,394.8,120.3,5888216.0,17946.0,,,
AFR,Africa,Cameroon,2001,426.3,124.1,6526313.0,19003.0,,,
AFR,Africa,Cameroon,2002,437.2,119.9,6874791.0,18854.0,,,
AFR,Africa,Cameroon,2003,441.4,123.5,7133253.0,19955.0,,,
AFR,Africa,Cameroon,2004,438.7,124.9,7287579.0,20746.0,,,
AFR,Africa,Cameroon,2005,435.6,120.4,7437325.0,20550.0,,,
AFR,Africa,Cameroon,2006,425.9,110.5,7475565.0,19397.0,,,
AFR,Africa,Cameroon,2007,409.9,93.5,7399514.0,16876.0,,,
AFR,Africa,Cameroon,2008,391.6,76.87,7274246.0,14277.0,,,
AFR,Africa,Cameroon,2009,351.1,69.48,6711868.0,13280.0,,,
AFR,Africa,Cameroon,2010,295.7,63.24,5815288.0,12439.0,,,
AFR,Africa,Cameroon,2011,266.6,58.67,5393901.0,11870.0,,,
AFR,Africa,Cameroon,2012,261.1,58.01,5434180.0,12071.0,,,
AFR,Africa,Cameroon,2013,271.1,57.11,5802116.0,12222.0,,,
AFR,Africa,Cameroon,2014,272.5,55.44,6011473.0,12229.0,,,
AFR,Africa,Cameroon,2015,271.1,53.66,6170151.0,12214.0,1193281.0,1 193 281,
AFR,Africa,Cameroon,2016,268.5,51.68,6298245.0,12120.0,2476153.0,2 476 153,
AFR,Africa,Cameroon,2017,259.0,49.41,6248935.0,11922.0,2244788.0,2 244 788,
AFR,Africa,Cameroon,2018,249.0,47.48,6176286.0,11779.0,2257633.0,2 257 633,
AFR,Africa,Cameroon,2019,243.4,44.92,6209127.0,11458.0,2819803.0,2 819 803,
AFR,Africa,Cameroon,2020,264.8,51.59,6940869.0,13523.0,2890193.0,2 890 193,
AFR,Africa,Cameroon,2021,270.7,48.15,7284817.0,12961.0,3335174.0,3 335 174,
AFR,Africa,Cameroon,2022,265.0,46.25,7323632.0,12779.0,3327381.0,3 327 381,
AFR,Africa,Cameroon,2023,259.1,40.89,7350770.0,11602.0,2977754.0,2 977 754,
AFR,Africa,Cameroon,2024,260.5,40.18,7585555.0,11702.0,2964132.0,2 512 816,6851
AFR,Africa,Central African Republic,2000,438.1,105.6,1679496.0,4050.0,,,
AFR,Africa,Central African Republic,2001,438.5,125.2,1718721.0,4906.0,,,
AFR,Africa,Central African Republic,2002,447.8,129.3,1794109.0,5181.0,,,
AFR,Africa,Central African Republic,2003,455.2,147.9,1867878.0,6069.0,,,
AFR,Africa,Central African Republic,2004,461.3,146.5,1934032.0,6141.0,,,
AFR,Africa,Central African Republic,2005,465.3,164.4,1995410.0,7050.0,,,
AFR,Africa,Central African Republic,2006,467.9,168.2,2048395.0,7364.0,,,
AFR,Africa,Central African Republic,2007,467.6,145.6,2086760.0,6496.0,,,
AFR,Africa,Central African Republic,2008,465.7,138.9,2123317.0,6334.0,,,
AFR,Africa,Central African Republic,2009,463.5,162.2,2099433.0,7346.0,,,
AFR,Africa,Central African Republic,2010,453.1,124.5,2035817.0,5592.0,,,
AFR,Africa,Central African Republic,2011,443.0,122.0,2022476.0,5569.0,,,
AFR,Africa,Central African Republic,2012,434.8,135.3,2004745.0,6239.0,,,
AFR,Africa,Central African Republic,2013,427.3,89.97,1983793.0,4177.0,,,
AFR,Africa,Central African Republic,2014,420.4,126.3,1943552.0,5838.0,,,
AFR,Africa,Central African Republic,2015,410.3,93.64,1899456.0,4335.0,598833.0,598 833,
AFR,Africa,Central African Republic,2016,396.0,102.7,1866491.0,4839.0,1239317.0,1 239 317,
AFR,Africa,Central African Republic,2017,387.4,103.8,1857203.0,4978.0,411913.0,411 913,
AFR,Africa,Central African Republic,2018,385.3,82.71,1879556.0,4035.0,972119.0,972 119,
AFR,Africa,Central African Republic,2019,383.3,80.91,1895269.0,4001.0,2416960.0,2 416 960,
AFR,Africa,Central African Republic,2020,376.1,80.63,1890435.0,4053.0,1740970.0,1 740 970,
AFR,Africa,Central African Republic,2021,364.3,99.9,1862097.0,5107.0,2002149.0,2 002 149,
AFR,Africa,Central African Republic,2022,354.5,100.1,1807257.0,5101.0,2247250.0,2 247 250,
AFR,Africa,Central African Republic,2023,346.0,98.05,1782652.0,5052.0,1841126.0,1 841 126,
AFR,Africa,Central African Republic,2024,343.8,94.96,1832924.0,5062.0,2264207.0,2 264 207,
AFR,Africa,Chad,2000,272.1,117.3,2291022.0,9872.0,,,
AFR,Africa,Chad,2001,276.6,91.69,2408702.0,7984.0,,,
AFR,Africa,Chad,2002,243.2,99.6,2192558.0,8980.0,,,
AFR,Africa,Chad,2003,240.3,103.3,2255307.0,9696.0,,,
AFR,Africa,Chad,2004,237.4,90.18,2329146.0,8848.0,,,
AFR,Africa,Chad,2005,241.3,103.1,2464532.0,10532.0,,,
AFR,Africa,Chad,2006,242.2,103.4,2564689.0,10954.0,,,
AFR,Africa,Chad,2007,236.1,103.9,2588205.0,11386.0,,,
AFR,Africa,Chad,2008,237.9,105.9,2699810.0,12024.0,,,
AFR,Africa,Chad,2009,245.1,108.9,2883287.0,12810.0,,,
AFR,Africa,Chad,2010,244.7,109.4,2979466.0,13325.0,,,
AFR,Africa,Chad,2011,228.4,101.1,2880875.0,12758.0,,,
AFR,Africa,Chad,2012,215.5,95.65,2815468.0,12498.0,,,
AFR,Africa,Chad,2013,208.0,91.46,2816847.0,12385.0,,,
AFR,Africa,Chad,2014,212.0,90.44,2975136.0,12692.0,,,
AFR,Africa,Chad,2015,215.0,89.03,3115147.0,12898.0,787046.0,787 046,
AFR,Africa,Chad,2016,214.3,87.74,3203597.0,13116.0,1294768.0,1 294 768,
AFR,Africa,Chad,2017,217.1,86.37,3354335.0,13345.0,1962372.0,1 962 372,
AFR,Africa,Chad,2018,225.0,85.18,3595187.0,13611.0,1364706.0,1 364 706,
AFR,Africa,Chad,2019,217.2,80.56,3584673.0,13294.0,1632529.0,1 632 529,
AFR,Africa,Chad,2020,208.7,82.66,3556154.0,14082.0,1544194.0,1 544 194,
AFR,Africa,Chad,2021,206.7,78.27,3643929.0,13801.0,1418539.0,1 418 539,
AFR,Africa,Chad,2022,209.1,75.58,3816638.0,13796.0,1671060.0,1 671 060,
AFR,Africa,Chad,2023,205.1,71.74,3919362.0,13707.0,2159037.0,2 159 037,
AFR,Africa,Chad,2024,206.1,69.04,4138603.0,13862.0,2556012.0,2 556 012,
AFR,Africa,Comoros,2000,66.37,16.6,35580.0,89.0,,,
AFR,Africa,Comoros,2001,65.07,16.26,35608.0,89.0,,,
AFR,Africa,Comoros,2002,63.81,15.92,35665.0,89.0,,,
AFR,Africa,Comoros,2003,62.56,15.62,35644.0,89.0,,,
AFR,Africa,Comoros,2004,61.31,15.33,35601.0,89.0,,,
AFR,Africa,Comoros,2005,60.09,15.52,35616.0,92.0,,,
AFR,Africa,Comoros,2006,58.91,14.72,35626.0,89.0,,,
AFR,Africa,Comoros,2007,57.75,14.43,35628.0,89.0,,,
AFR,Africa,Comoros,2008,56.61,14.14,35626.0,89.0,,,
AFR,Africa,Comoros,2009,55.49,13.86,35622.0,89.0,,,
AFR,Africa,Comoros,2010,55.8,14.05,36538.0,92.0,,,
AFR,Africa,Comoros,2011,37.21,9.28,24856.0,62.0,,,
AFR,Africa,Comoros,2012,73.12,18.34,49840.0,125.0,,,
AFR,Africa,Comoros,2013,76.35,19.39,53156.0,135.0,,,
AFR,Africa,Comoros,2014,3.1,0.7,2203.0,5.0,,,
AFR,Africa,Comoros,2015,2.59,0.55,1884.0,4.0,1884.0,1300,
AFR,Africa,Comoros,2016,1.98,0.4,1467.0,3.0,1467.0,1066,
AFR,Africa,Comoros,2017,5.15,1.19,3896.0,9.0,3896.0,2274,
AFR,Africa,Comoros,2018,19.68,4.92,15186.0,38.0,15613.0,15 613,
AFR,Africa,Comoros,2019,22.37,5.72,17599.0,45.0,17599.0,17 599,
AFR,Africa,Comoros,2020,5.67,1.37,4546.0,11.0,4546.0,4546,
AFR,Africa,Comoros,2021,12.88,3.18,10537.0,26.0,10537.0,10 537,
AFR,Africa,Comoros,2022,24.78,6.23,20675.0,52.0,20675.0,20 675,
AFR,Africa,Comoros,2023,24.75,6.23,21049.0,53.0,21049.0,21 049,
AFR,Africa,Comoros,2024,62.79,16.04,54413.0,139.0,54413.0,54 413,
AFR,Africa,Congo,2000,349.6,68.54,1101712.0,2160.0,,,
AFR,Africa,Congo,2001,349.1,80.92,1142303.0,2648.0,,,
AFR,Africa,Congo,2002,327.0,70.85,1095840.0,2374.0,,,
AFR,Africa,Congo,2003,327.9,68.78,1129894.0,2370.0,,,
AFR,Africa,Congo,2004,325.8,65.18,1161632.0,2324.0,,,
AFR,Africa,Congo,2005,309.0,59.63,1142267.0,2204.0,,,
AFR,Africa,Congo,2006,286.8,53.03,1100740.0,2035.0,,,
AFR,Africa,Congo,2007,255.0,48.24,1014897.0,1920.0,,,
AFR,Africa,Congo,2008,226.4,43.78,931359.0,1801.0,,,
AFR,Africa,Congo,2009,214.4,42.88,918094.0,1836.0,,,
AFR,Africa,Congo,2010,214.4,41.55,956879.0,1854.0,,,
AFR,Africa,Congo,2011,215.7,40.89,994217.0,1885.0,,,
AFR,Africa,Congo,2012,215.9,40.38,1023460.0,1914.0,,,
AFR,Africa,Congo,2013,218.2,41.77,1059771.0,2029.0,,,
AFR,Africa,Congo,2014,213.1,40.8,1060152.0,2030.0,,,
AFR,Africa,Congo,2015,210.6,39.59,1073627.0,2018.0,51529.0,51 529,
AFR,Africa,Congo,2016,215.7,39.66,1126747.0,2071.0,171847.0,171 847,
AFR,Africa,Congo,2017,235.9,39.38,1262280.0,2107.0,127939.0,127 939,
AFR,Africa,Congo,2018,249.8,40.73,1369527.0,2233.0,116903.0,116 903,
AFR,Africa,Congo,2019,245.9,39.7,1381360.0,2230.0,117837.0,117 837,
AFR,Africa,Congo,2020,240.8,38.9,1385505.0,2238.0,91538.0,91 538,
AFR,Africa,Congo,2021,232.0,37.66,1367104.0,2219.0,189616.0,189 616,
AFR,Africa,Congo,2022,220.5,37.05,1330862.0,2236.0,364466.0,364 466,
AFR,Africa,Congo,2023,219.5,36.29,1356914.0,2244.0,517937.0,517 937,
AFR,Africa,Congo,2024,221.0,36.05,1399717.0,2283.0,611821.0,611 821,
AFR,Africa,Cote d'Ivoire,2000,490.5,169.7,8681661.0,30028.0,,,
AFR,Africa,Cote d'Ivoire,2001,502.2,174.0,9130224.0,31639.0,,,
AFR,Africa,Cote d'Ivoire,2002,506.3,175.3,9445298.0,32699.0,,,
AFR,Africa,Cote d'Ivoire,2003,509.6,180.9,9746639.0,34601.0,,,
AFR,Africa,Cote d'Ivoire,2004,500.4,174.3,9804501.0,34158.0,,,
AFR,Africa,Cote d'Ivoire,2005,466.3,146.9,9358798.0,29484.0,,,
AFR,Africa,Cote d'Ivoire,2006,425.6,138.6,8744926.0,28477.0,,,
AFR,Africa,Cote d'Ivoire,2007,391.5,139.5,8233616.0,29345.0,,,
AFR,Africa,Cote d'Ivoire,2008,393.0,141.7,8454440.0,30478.0,,,
AFR,Africa,Cote d'Ivoire,2009,426.2,151.6,9374735.0,33352.0,,,
AFR,Africa,Cote d'Ivoire,2010,458.1,143.2,10302284.0,32193.0,,,
AFR,Africa,Cote d'Ivoire,2011,461.6,115.3,10608018.0,26496.0,,,
AFR,Africa,Cote d'Ivoire,2012,375.2,65.77,8804653.0,15435.0,,,
AFR,Africa,Cote d'Ivoire,2013,287.4,44.73,6879970.0,10708.0,,,
AFR,Africa,Cote d'Ivoire,2014,243.2,38.98,5966178.0,9562.0,,,
AFR,Africa,Cote d'Ivoire,2015,242.1,38.29,6112542.0,9667.0,3375904.0,3 375 904,
AFR,Africa,Cote d'Ivoire,2016,258.1,37.58,6707955.0,9766.0,3754504.0,3 754 504,
AFR,Africa,Cote d'Ivoire,2017,268.5,38.52,7178935.0,10298.0,4034781.0,4 034 781,
AFR,Africa,Cote d'Ivoire,2018,280.2,40.15,7695880.0,11026.0,4766477.0,4 766 477,
AFR,Africa,Cote d'Ivoire,2019,292.8,40.18,8253903.0,11329.0,5935178.0,5 935 178,
AFR,Africa,Cote d'Ivoire,2020,295.7,39.95,8549253.0,11551.0,4980640.0,4 980 640,
AFR,Africa,Cote d'Ivoire,2021,283.6,37.95,8407016.0,11248.0,7295068.0,7 295 068,
AFR,Africa,Cote d'Ivoire,2022,280.9,36.66,8536996.0,11144.0,8145591.0,8 145 591,
AFR,Africa,Cote d'Ivoire,2023,269.3,34.56,8391487.0,10771.0,8388526.0,8 388 526,
AFR,Africa,Cote d'Ivoire,2024,267.9,33.87,8556747.0,10817.0,8990029.0,8 990 029,
AFR,Africa,Democratic Republic of the Congo,2000,458.2,184.5,23144741.0,93208.0,,,
AFR,Africa,Democratic Republic of the Congo,2001,457.6,196.7,23855861.0,102551.0,,,
AFR,Africa,Democratic Republic of the Congo,2002,460.7,166.4,24763078.0,89442.0,,,
AFR,Africa,Democratic Republic of the Congo,2003,467.4,186.9,25865414.0,103447.0,,,
AFR,Africa,Democratic Republic of the Congo,2004,467.6,190.8,26653386.0,108750.0,,,
AFR,Africa,Democratic Republic of the Congo,2005,468.3,191.5,27526510.0,112534.0,,,
AFR,Africa,Democratic Republic of the Congo,2006,464.8,190.9,28174396.0,115742.0,,,
AFR,Africa,Democratic Republic of the Congo,2007,448.3,182.6,28009892.0,114113.0,,,
AFR,Africa,Democratic Republic of the Congo,2008,429.8,150.6,27676892.0,96965.0,,,
AFR,Africa,Democratic Republic of the Congo,2009,405.2,133.5,26911954.0,88664.0,,,
AFR,Africa,Democratic Republic of the Congo,2010,381.3,124.2,26144344.0,85123.0,,,
AFR,Africa,Democratic Republic of the Congo,2011,360.2,110.8,25522250.0,78483.0,,,
AFR,Africa,Democratic Republic of the Congo,2012,335.8,88.06,24598662.0,64511.0,,,
AFR,Africa,Democratic Republic of the Congo,2013,310.5,75.83,23531534.0,57471.0,,,
AFR,Africa,Democratic Republic of the Congo,2014,297.4,76.73,23314218.0,60156.0,,,
AFR,Africa,Democratic Republic of the Congo,2015,303.0,74.59,24556966.0,60443.0,12538805.0,12 538 805,
AFR,Africa,Democratic Republic of the Congo,2016,310.3,79.77,26049693.0,66971.0,16821130.0,16 821 130,
AFR,Africa,Democratic Republic of the Congo,2017,324.1,78.77,28221065.0,68597.0,16793002.0,16 793 002,
AFR,Africa,Democratic Republic of the Congo,2018,337.4,86.14,30384274.0,77570.0,16972207.0,16 972 207,
AFR,Africa,Democratic Republic of the Congo,2019,339.8,80.96,31580724.0,75254.0,21934127.0,21 934 127,
AFR,Africa,Democratic Republic of the Congo,2020,338.9,78.16,32532899.0,75025.0,22590647.0,22 590 647,
AFR,Africa,Democratic Republic of the Congo,2021,338.0,70.9,33515984.0,70300.0,21345031.0,21 345 031,
AFR,Africa,Democratic Republic of the Congo,2022,327.9,68.38,33580334.0,70024.0,27296419.0,27 296 419,
AFR,Africa,Democratic Republic of the Congo,2023,325.3,63.77,34412847.0,67464.0,27657762.0,27 657 762,
AFR,Africa,Democratic Republic of the Congo,2024,321.9,61.93,35175261.0,67676.0,29825871.0,29 825 871,
AFR,Africa,Equatorial Guinea,2000,334.3,68.96,235107.0,485.0,,,
AFR,Africa,Equatorial Guinea,2001,331.5,65.35,248569.0,490.0,,,
AFR,Africa,Equatorial Guinea,2002,325.0,62.03,259369.0,495.0,,,
AFR,Africa,Equatorial Guinea,2003,332.8,61.68,282158.0,523.0,,,
AFR,Africa,Equatorial Guinea,2004,346.2,61.12,311580.0,550.0,,,
AFR,Africa,Equatorial Guinea,2005,357.6,64.81,338812.0,614.0,,,
AFR,Africa,Equatorial Guinea,2006,356.7,60.18,353242.0,596.0,,,
AFR,Africa,Equatorial Guinea,2007,353.6,56.75,366395.0,588.0,,,
AFR,Africa,Equatorial Guinea,2008,332.6,52.37,360743.0,568.0,,,
AFR,Africa,Equatorial Guinea,2009,303.2,49.13,344287.0,558.0,,,
AFR,Africa,Equatorial Guinea,2010,288.4,50.63,342895.0,602.0,,,
AFR,Africa,Equatorial Guinea,2011,290.8,49.44,361159.0,614.0,,,
AFR,Africa,Equatorial Guinea,2012,312.8,50.48,404560.0,653.0,,,
AFR,Africa,Equatorial Guinea,2013,333.7,53.48,449175.0,720.0,,,
AFR,Africa,Equatorial Guinea,2014,334.0,55.58,467538.0,778.0,,,
AFR,Africa,Equatorial Guinea,2015,333.8,53.72,485342.0,781.0,15142.0,15 142,
AFR,Africa,Equatorial Guinea,2016,315.2,52.05,475401.0,785.0,147714.0,147 714,
AFR,Africa,Equatorial Guinea,2017,291.2,49.8,455020.0,778.0,15725.0,15 725,
AFR,Africa,Equatorial Guinea,2018,268.1,46.52,433324.0,752.0,8962.0,8962,
AFR,Africa,Equatorial Guinea,2019,247.4,44.25,413201.0,739.0,25904.0,25 904,
AFR,Africa,Equatorial Guinea,2020,244.3,46.02,419332.0,790.0,,,
AFR,Africa,Equatorial Guinea,2021,239.6,45.2,421362.0,795.0,,,
AFR,Africa,Equatorial Guinea,2022,237.6,44.36,428458.0,800.0,71204.0,71 204,
AFR,Africa,Equatorial Guinea,2023,229.8,40.97,424586.0,757.0,76921.0,76 921,
AFR,Africa,Equatorial Guinea,2024,227.7,40.63,430983.0,769.0,57499.0,57 499,
AFR,Africa,Eritrea,2000,19.0,4.36,42691.0,98.0,,,
AFR,Africa,Eritrea,2001,23.56,5.75,54461.0,133.0,,,
AFR,Africa,Eritrea,2002,13.72,3.59,32823.0,86.0,,,
AFR,Africa,Eritrea,2003,19.84,4.49,49490.0,112.0,,,
AFR,Africa,Eritrea,2004,5.81,1.23,15093.0,32.0,,,
AFR,Africa,Eritrea,2005,10.4,2.22,27680.0,59.0,,,
AFR,Africa,Eritrea,2006,6.08,1.74,16438.0,47.0,,,
AFR,Africa,Eritrea,2007,13.69,2.19,37568.0,60.0,,,
AFR,Africa,Eritrea,2008,7.37,1.31,20767.0,37.0,,,
AFR,Africa,Eritrea,2009,9.58,1.42,27656.0,41.0,,,
AFR,Africa,Eritrea,2010,28.34,5.47,83471.0,161.0,,,
AFR,Africa,Eritrea,2011,25.57,4.7,76678.0,141.0,,,
AFR,Africa,Eritrea,2012,17.28,2.8,52483.0,85.0,,,
AFR,Africa,Eritrea,2013,16.04,2.86,49309.0,88.0,,,
AFR,Africa,Eritrea,2014,35.44,7.33,109689.0,227.0,,,
AFR,Africa,Eritrea,2015,20.61,4.12,64020.0,128.0,28036.0,14 510,4780
AFR,Africa,Eritrea,2016,27.7,6.34,86561.0,198.0,24251.0,20 704,2999
AFR,Africa,Eritrea,2017,36.8,7.02,115928.0,221.0,54005.0,21 849,9185
AFR,Africa,Eritrea,2018,31.23,6.14,99716.0,196.0,46440.0,16 553,6108
AFR,Africa,Eritrea,2019,61.84,13.52,200382.0,438.0,93878.0,75 568,15 790
AFR,Africa,Eritrea,2020,48.28,11.3,158889.0,372.0,74041.0,66 600,7119
AFR,Africa,Eritrea,2021,27.74,6.3,92938.0,211.0,43463.0,37 696,5613
AFR,Africa,Eritrea,2022,40.89,9.27,139422.0,316.0,65063.0,56 208,8506
AFR,Africa,Eritrea,2023,63.39,13.23,219981.0,459.0,101402.0,78 840,21 649
AFR,Africa,Eritrea,2024,102.4,22.23,362132.0,786.0,167146.0,136 637,29 608
AFR,Africa,Eswatini,2000,2.7,28.46,788.0,83.0,,,
AFR,Africa,Eswatini,2001,4.74,21.07,1395.0,62.0,,,
AFR,Africa,Eswatini,2002,2.26,15.51,670.0,46.0,,,
AFR,Africa,Eswatini,2003,1.15,10.04,342.0,30.0,,,
AFR,Africa,Eswatini,2004,1.91,9.32,574.0,28.0,,,
AFR,Africa,Eswatini,2005,0.92,5.63,279.0,17.0,,,
AFR,Africa,Eswatini,2006,0.51,8.89,155.0,27.0,,,
AFR,Africa,Eswatini,2007,0.28,5.57,84.0,17.0,,,
AFR,Africa,Eswatini,2008,0.19,3.25,58.0,10.0,,,
AFR,Africa,Eswatini,2009,0.34,4.2,106.0,13.0,,,
AFR,Africa,Eswatini,2010,0.86,2.57,268.0,8.0,,,
AFR,Africa,Eswatini,2011,1.21,0.32,379.0,1.0,,,
AFR,Africa,Eswatini,2012,1.3,0.95,409.0,3.0,,,
AFR,Africa,Eswatini,2013,2.3,1.26,728.0,4.0,,,
AFR,Africa,Eswatini,2014,1.22,1.26,389.0,4.0,,,
AFR,Africa,Eswatini,2015,0.99,1.56,318.0,5.0,318.0,318,
AFR,Africa,Eswatini,2016,0.78,0.93,250.0,3.0,250.0,250,
AFR,Africa,Eswatini,2017,1.36,6.17,440.0,20.0,440.0,440,
AFR,Africa,Eswatini,2018,2.1,0.61,686.0,2.0,686.0,686,
AFR,Africa,Eswatini,2019,0.76,0.91,252.0,3.0,252.0,252,
AFR,Africa,Eswatini,2020,0.7,0.6,233.0,2.0,233.0,233,
AFR,Africa,Eswatini,2021,1.49,1.48,505.0,5.0,505.0,505,
AFR,Africa,Eswatini,2022,0.63,1.17,214.0,4.0,214.0,214,
AFR,Africa,Eswatini,2023,1.73,2.03,597.0,7.0,597.0,597,
AFR,Africa,Eswatini,2024,0.55,0.0,193.0,0.0,193.0,175,
AFR,Africa,Ethiopia,2000,189.2,48.43,8672176.0,22200.0,,,
AFR,Africa,Ethiopia,2001,210.9,45.17,9965187.0,21343.0,,,
AFR,Africa,Ethiopia,2002,193.5,41.5,9428040.0,20217.0,,,
AFR,Africa,Ethiopia,2003,208.9,43.41,10490089.0,21797.0,,,
AFR,Africa,Ethiopia,2004,217.9,44.69,11271667.0,23117.0,,,
AFR,Africa,Ethiopia,2005,149.5,30.98,7965655.0,16511.0,,,
AFR,Africa,Ethiopia,2006,138.0,27.25,7573908.0,14955.0,,,
AFR,Africa,Ethiopia,2007,116.4,21.96,6575924.0,12409.0,,,
AFR,Africa,Ethiopia,2008,96.3,18.58,5601990.0,10808.0,,,
AFR,Africa,Ethiopia,2009,133.8,26.74,8006961.0,16003.0,,,
AFR,Africa,Ethiopia,2010,153.8,30.71,9471475.0,18909.0,,,
AFR,Africa,Ethiopia,2011,143.7,26.28,9101932.0,16648.0,,,
AFR,Africa,Ethiopia,2012,159.7,30.57,10401659.0,19915.0,,,
AFR,Africa,Ethiopia,2013,184.1,38.99,12323076.0,26097.0,,,
AFR,Africa,Ethiopia,2014,144.1,32.39,9906043.0,22273.0,,,
AFR,Africa,Ethiopia,2015,130.1,29.8,9186102.0,21051.0,1867059.0,1 188 627,678 432
AFR,Africa,Ethiopia,2016,92.89,21.32,6740580.0,15473.0,1718504.0,1 142 235,576 269
AFR,Africa,Ethiopia,2017,70.71,16.15,5273115.0,12046.0,1530739.0,1 059 847,470 892
AFR,Africa,Ethiopia,2018,36.46,8.48,2793314.0,6500.0,962087.0,859 675,102 412
AFR,Africa,Ethiopia,2019,33.61,7.25,2645193.0,5708.0,904495.0,738 155,166 340
AFR,Africa,Ethiopia,2020,52.28,11.65,4227742.0,9424.0,1743755.0,1 340 869,263 877
AFR,Africa,Ethiopia,2021,45.56,9.68,3783896.0,8041.0,1396315.0,912 075,252 589
AFR,Africa,Ethiopia,2022,59.89,12.4,5106067.0,10570.0,1731097.0,1 323 355,388 416
AFR,Africa,Ethiopia,2023,109.2,21.22,9559569.0,18567.0,3197557.0,2 262 976,904 398
AFR,Africa,Ethiopia,2024,138.5,24.9,12436942.0,22360.0,4322642.0,2 811 797,1 507 631
AFR,Africa,Gabon,2000,364.7,28.38,465149.0,362.0,,,
AFR,Africa,Gabon,2001,353.7,26.5,463185.0,347.0,,,
AFR,Africa,Gabon,2002,323.3,24.46,434899.0,329.0,,,
AFR,Africa,Gabon,2003,259.0,21.7,358082.0,300.0,,,
AFR,Africa,Gabon,2004,196.7,17.8,279571.0,253.0,,,
AFR,Africa,Gabon,2005,158.0,17.49,231288.0,256.0,,,
AFR,Africa,Gabon,2006,131.8,17.24,198783.0,260.0,,,
AFR,Africa,Gabon,2007,121.2,16.9,188623.0,263.0,,,
AFR,Africa,Gabon,2008,124.4,17.55,199956.0,282.0,,,
AFR,Africa,Gabon,2009,147.0,18.84,244304.0,313.0,,,
AFR,Africa,Gabon,2010,177.9,21.11,305927.0,363.0,,,
AFR,Africa,Gabon,2011,195.4,22.0,348201.0,392.0,,,
AFR,Africa,Gabon,2012,200.2,21.66,369662.0,400.0,,,
AFR,Africa,Gabon,2013,199.2,20.8,381053.0,398.0,,,
AFR,Africa,Gabon,2014,193.9,19.81,383546.0,392.0,,,
AFR,Africa,Gabon,2015,185.4,19.21,378319.0,392.0,23867.0,,
AFR,Africa,Gabon,2016,182.5,18.9,383407.0,397.0,23915.0,23 915,
AFR,Africa,Gabon,2017,184.7,18.82,398291.0,406.0,35244.0,35 244,
AFR,Africa,Gabon,2018,186.7,18.85,413097.0,417.0,111719.0,111 719,
AFR,Africa,Gabon,2019,190.7,18.52,432488.0,420.0,53182.0,52 811,
AFR,Africa,Gabon,2020,193.6,18.39,449585.0,427.0,53659.0,53 659,
AFR,Africa,Gabon,2021,189.2,18.01,449657.0,428.0,64957.0,64 957,
AFR,Africa,Gabon,2022,188.7,17.69,458643.0,430.0,45783.0,45 783,
AFR,Africa,Gabon,2023,191.3,17.43,475347.0,433.0,59248.0,55 986,
AFR,Africa,Gabon,2024,187.0,17.29,474789.0,439.0,70895.0,70 154,
AFR,Africa,Gambia,2000,309.7,31.34,450671.0,456.0,,,
AFR,Africa,Gambia,2001,301.5,31.37,450685.0,469.0,,,
AFR,Africa,Gambia,2002,293.3,31.58,450452.0,485.0,,,
AFR,Africa,Gambia,2003,285.3,30.49,450016.0,481.0,,,
AFR,Africa,Gambia,2004,277.2,29.05,449504.0,471.0,,,
AFR,Africa,Gambia,2005,269.4,28.19,449027.0,470.0,,,
AFR,Africa,Gambia,2006,261.6,28.16,448795.0,483.0,,,
AFR,Africa,Gambia,2007,254.2,27.81,448775.0,491.0,,,
AFR,Africa,Gambia,2008,246.9,28.22,448751.0,513.0,,,
AFR,Africa,Gambia,2009,239.7,27.89,448654.0,522.0,,,
AFR,Africa,Gambia,2010,232.8,29.22,448540.0,563.0,,,
AFR,Africa,Gambia,2011,238.9,33.52,473874.0,665.0,,,
AFR,Africa,Gambia,2012,256.5,33.87,523991.0,692.0,,,
AFR,Africa,Gambia,2013,204.1,32.13,429429.0,676.0,,,
AFR,Africa,Gambia,2014,140.3,28.6,303721.0,619.0,,,
AFR,Africa,Gambia,2015,202.5,29.85,450479.0,664.0,246348.0,240 382,
AFR,Africa,Gambia,2016,130.1,26.93,297058.0,615.0,162739.0,153 685,
AFR,Africa,Gambia,2017,63.21,25.36,148057.0,594.0,78040.0,69 931,
AFR,Africa,Gambia,2018,81.75,25.0,196160.0,600.0,87448.0,87 448,
AFR,Africa,Gambia,2019,44.76,24.34,109975.0,598.0,53386.0,53 386,
AFR,Africa,Gambia,2020,83.83,24.25,210897.0,610.0,75801.0,75 801,
AFR,Africa,Gambia,2021,62.48,24.03,160958.0,619.0,73781.0,73 781,
AFR,Africa,Gambia,2022,95.52,23.74,251831.0,626.0,119104.0,119 104,
AFR,Africa,Gambia,2023,87.51,23.43,236079.0,632.0,118293.0,118 293,
AFR,Africa,Gambia,2024,75.44,23.3,208225.0,643.0,111293.0,111 293,
AFR,Africa,Ghana,2000,430.4,100.5,8450966.0,19744.0,,,
AFR,Africa,Ghana,2001,411.2,93.88,8292195.0,18932.0,,,
AFR,Africa,Ghana,2002,392.1,86.51,8127918.0,17932.0,,,
AFR,Africa,Ghana,2003,366.0,78.59,7794154.0,16738.0,,,
AFR,Africa,Ghana,2004,340.2,71.4,7439832.0,15615.0,,,
AFR,Africa,Ghana,2005,323.7,66.12,7267466.0,14843.0,,,
AFR,Africa,Ghana,2006,311.3,64.92,7173504.0,14959.0,,,
AFR,Africa,Ghana,2007,305.8,63.04,7230534.0,14904.0,,,
AFR,Africa,Ghana,2008,314.6,63.77,7628569.0,15464.0,,,
AFR,Africa,Ghana,2009,340.4,66.3,8463705.0,16485.0,,,
AFR,Africa,Ghana,2010,366.4,66.3,9334147.0,16891.0,,,
AFR,Africa,Ghana,2011,375.1,65.77,9789325.0,17163.0,,,
AFR,Africa,Ghana,2012,367.3,61.99,9819967.0,16573.0,,,
AFR,Africa,Ghana,2013,344.3,57.03,9429908.0,15618.0,,,
AFR,Africa,Ghana,2014,313.8,51.3,8799642.0,14384.0,,,
AFR,Africa,Ghana,2015,276.0,46.21,7919823.0,13260.0,5657096.0,4 319 919,
AFR,Africa,Ghana,2016,244.9,41.87,7190096.0,12293.0,5428979.0,4 421 788,
AFR,Africa,Ghana,2017,226.2,38.4,6787448.0,11522.0,7003155.0,4 266 541,
AFR,Africa,Ghana,2018,212.8,36.24,6518545.0,11103.0,4931454.0,4 808 163,
AFR,Africa,Ghana,2019,215.3,35.56,6729077.0,11116.0,6115267.0,6 075 297,
AFR,Africa,Ghana,2020,219.6,35.47,7003408.0,11311.0,5447563.0,5 412 537,
AFR,Africa,Ghana,2021,212.5,34.97,6909085.0,11373.0,5747585.0,5 719 704,
AFR,Africa,Ghana,2022,210.8,34.58,6987387.0,11463.0,5239236.0,5 216 479,
AFR,Africa,Ghana,2023,194.9,33.93,6585886.0,11464.0,5693888.0,5 670 615,
AFR,Africa,Ghana,2024,195.8,33.8,6739843.0,11635.0,5334849.0,5 306 946,
AFR,Africa,Guinea,2000,415.8,173.3,3504497.0,14603.0,,,
AFR,Africa,Guinea,2001,414.4,143.7,3538841.0,12271.0,,,
AFR,Africa,Guinea,2002,419.0,149.1,3634139.0,12932.0,,,
AFR,Africa,Guinea,2003,425.2,137.4,3771658.0,12188.0,,,
AFR,Africa,Guinea,2004,425.4,117.6,3854890.0,10657.0,,,
AFR,Africa,Guinea,2005,420.2,106.0,3885452.0,9803.0,,,
AFR,Africa,Guinea,2006,405.0,102.6,3823613.0,9691.0,,,
AFR,Africa,Guinea,2007,384.5,102.8,3715054.0,9937.0,,,
AFR,Africa,Guinea,2008,378.8,106.6,3749499.0,10553.0,,,
AFR,Africa,Guinea,2009,393.8,124.3,3994552.0,12609.0,,,
AFR,Africa,Guinea,2010,415.7,133.3,4322048.0,13854.0,,,
AFR,Africa,Guinea,2011,428.8,136.1,4569440.0,14505.0,,,
AFR,Africa,Guinea,2012,431.7,132.6,4715376.0,14478.0,,,
AFR,Africa,Guinea,2013,413.7,118.6,4630441.0,13268.0,,,
AFR,Africa,Guinea,2014,396.7,110.7,4551149.0,12703.0,,,
AFR,Africa,Guinea,2015,384.4,102.8,4523155.0,12092.0,810979.0,810 979,
AFR,Africa,Guinea,2016,366.5,94.57,4425005.0,11417.0,992146.0,992 146,
AFR,Africa,Guinea,2017,358.5,92.53,4439978.0,11460.0,1335323.0,1 335 323,
AFR,Africa,Guinea,2018,350.3,91.24,4450281.0,11592.0,1214996.0,1 214 996,
AFR,Africa,Guinea,2019,321.2,83.61,4186659.0,10898.0,2143225.0,2 143 225,
AFR,Africa,Guinea,2020,304.9,83.15,4077448.0,11118.0,2008976.0,2 008 976,
AFR,Africa,Guinea,2021,294.4,75.72,4036996.0,10381.0,2422374.0,2 422 374,
AFR,Africa,Guinea,2022,285.7,73.16,4015495.0,10283.0,2474774.0,2 474 774,
AFR,Africa,Guinea,2023,285.5,70.72,4112792.0,10188.0,2701976.0,2 701 976,
AFR,Africa,Guinea,2024,286.1,69.44,4221103.0,10245.0,2760143.0,2 760 143,
AFR,Africa,Guinea-Bissau,2000,396.5,165.6,489529.0,2045.0,,,
AFR,Africa,Guinea-Bissau,2001,320.2,124.3,403827.0,1568.0,,,
AFR,Africa,Guinea-Bissau,2002,251.2,94.31,323897.0,1216.0,,,
AFR,Africa,Guinea-Bissau,2003,182.3,73.1,240402.0,964.0,,,
AFR,Africa,Guinea-Bissau,2004,121.2,64.24,163608.0,867.0,,,
AFR,Africa,Guinea-Bissau,2005,93.26,59.86,128852.0,827.0,,,
AFR,Africa,Guinea-Bissau,2006,78.21,57.02,110694.0,807.0,,,
AFR,Africa,Guinea-Bissau,2007,76.5,55.0,111006.0,798.0,,,
AFR,Africa,Guinea-Bissau,2008,87.5,54.16,130206.0,806.0,,,
AFR,Africa,Guinea-Bissau,2009,106.3,56.21,162319.0,858.0,,,
AFR,Africa,Guinea-Bissau,2010,124.5,55.8,195072.0,874.0,,,
AFR,Africa,Guinea-Bissau,2011,129.3,53.98,207934.0,868.0,,,
AFR,Africa,Guinea-Bissau,2012,126.6,52.14,208994.0,861.0,,,
AFR,Africa,Guinea-Bissau,2013,120.9,50.65,205017.0,859.0,,,
AFR,Africa,Guinea-Bissau,2014,105.7,48.88,184084.0,851.0,,,
AFR,Africa,Guinea-Bissau,2015,89.59,46.91,160057.0,838.0,150085.0,150 085,
AFR,Africa,Guinea-Bissau,2016,74.16,46.67,135861.0,855.0,156471.0,156 471,
AFR,Africa,Guinea-Bissau,2017,70.21,45.55,131797.0,855.0,152619.0,152 619,
AFR,Africa,Guinea-Bissau,2018,71.68,43.8,137782.0,842.0,171075.0,171 075,
AFR,Africa,Guinea-Bissau,2019,87.1,42.99,171396.0,846.0,160907.0,160 907,
AFR,Africa,Guinea-Bissau,2020,95.17,47.39,191604.0,954.0,,,
AFR,Africa,Guinea-Bissau,2021,98.71,49.88,203232.0,1027.0,,,
AFR,Africa,Guinea-Bissau,2022,97.61,48.63,205524.0,1024.0,185156.0,185 156,
AFR,Africa,Guinea-Bissau,2023,97.81,41.1,210626.0,885.0,118080.0,118 080,
AFR,Africa,Guinea-Bissau,2024,110.1,40.75,242430.0,897.0,98392.0,98 392,
AFR,Africa,Kenya,2000,220.3,38.4,6749325.0,11766.0,,,
AFR,Africa,Kenya,2001,243.2,43.05,7690612.0,13613.0,,,
AFR,Africa,Kenya,2002,227.6,41.04,7425059.0,13391.0,,,
AFR,Africa,Kenya,2003,220.1,37.66,7408148.0,12672.0,,,
AFR,Africa,Kenya,2004,184.4,32.51,6401876.0,11284.0,,,
AFR,Africa,Kenya,2005,138.9,28.37,4972794.0,10157.0,,,
AFR,Africa,Kenya,2006,125.5,25.91,4632386.0,9563.0,,,
AFR,Africa,Kenya,2007,94.84,24.71,3607181.0,9398.0,,,
AFR,Africa,Kenya,2008,79.78,23.72,3127750.0,9301.0,,,
AFR,Africa,Kenya,2009,77.6,23.41,3135574.0,9459.0,,,
AFR,Africa,Kenya,2010,80.27,23.23,3339223.0,9664.0,,,
AFR,Africa,Kenya,2011,82.58,23.6,3531077.0,10091.0,,,
AFR,Africa,Kenya,2012,84.23,23.25,3696499.0,10203.0,,,
AFR,Africa,Kenya,2013,85.44,22.89,3843685.0,10297.0,,,
AFR,Africa,Kenya,2014,84.43,22.57,3888161.0,10393.0,,,
AFR,Africa,Kenya,2015,81.8,22.13,3851683.0,10423.0,2041277.0,1 499 027,
AFR,Africa,Kenya,2016,77.26,21.78,3719331.0,10483.0,3064796.0,2 783 846,
AFR,Africa,Kenya,2017,76.85,21.68,3780809.0,10664.0,3607026.0,3 215 116,
AFR,Africa,Kenya,2018,74.15,21.49,3722839.0,10789.0,2318090.0,1 521 566,
AFR,Africa,Kenya,2019,71.67,21.25,3669775.0,10883.0,5019389.0,5 019 389,
AFR,Africa,Kenya,2020,85.0,21.8,4438409.0,11384.0,4069277.0,4 069 277,
AFR,Africa,Kenya,2021,88.69,21.93,4719850.0,11669.0,4270769.0,4 270 769,
AFR,Africa,Kenya,2022,82.09,21.77,4453797.0,11811.0,4890691.0,4 470 791,
AFR,Africa,Kenya,2023,73.77,20.74,4082575.0,11478.0,5619026.0,5 619 026,
AFR,Africa,Kenya,2024,74.17,20.65,4185536.0,11656.0,5188371.0,5 188 371,
AFR,Africa,Liberia,2000,397.1,201.2,1162684.0,5890.0,,,
AFR,Africa,Liberia,2001,406.1,189.5,1224383.0,5713.0,,,
AFR,Africa,Liberia,2002,415.5,173.6,1285980.0,5373.0,,,
AFR,Africa,Liberia,2003,423.2,157.2,1320231.0,4903.0,,,
AFR,Africa,Liberia,2004,406.1,120.0,1282098.0,3789.0,,,
AFR,Africa,Liberia,2005,403.2,120.2,1330918.0,3969.0,,,
AFR,Africa,Liberia,2006,390.8,95.62,1364179.0,3338.0,,,
AFR,Africa,Liberia,2007,372.7,86.04,1367374.0,3157.0,,,
AFR,Africa,Liberia,2008,357.1,93.14,1364329.0,3559.0,,,
AFR,Africa,Liberia,2009,342.4,80.47,1350162.0,3173.0,,,
AFR,Africa,Liberia,2010,322.1,67.75,1307545.0,2750.0,,,
AFR,Africa,Liberia,2011,299.4,71.76,1263723.0,3029.0,,,
AFR,Africa,Liberia,2012,266.1,67.5,1163762.0,2952.0,,,
AFR,Africa,Liberia,2013,260.7,66.01,1165597.0,2951.0,,,
AFR,Africa,Liberia,2014,287.7,72.19,1313127.0,3295.0,,,
AFR,Africa,Liberia,2015,318.1,73.46,1482326.0,3423.0,941711.0,941 711,
AFR,Africa,Liberia,2016,348.7,83.77,1658288.0,3984.0,1191137.0,1 191 137,
AFR,Africa,Liberia,2017,356.1,90.39,1726631.0,4383.0,1093115.0,1 093 115,
AFR,Africa,Liberia,2018,331.6,90.64,1639596.0,4482.0,,,
AFR,Africa,Liberia,2019,300.8,87.38,1517147.0,4407.0,915845.0,915 845,
AFR,Africa,Liberia,2020,276.9,89.87,1426019.0,4628.0,,,
AFR,Africa,Liberia,2021,216.1,74.19,1136357.0,3902.0,912436.0,912 436,
AFR,Africa,Liberia,2022,181.8,71.58,976816.0,3846.0,696684.0,696 684,
AFR,Africa,Liberia,2023,179.3,64.46,985017.0,3541.0,814113.0,814 113,
AFR,Africa,Liberia,2024,172.3,63.48,967319.0,3563.0,987728.0,987 728,
AFR,Africa,Madagascar,2000,54.85,13.56,905987.0,2239.0,,,
AFR,Africa,Madagascar,2001,65.26,16.13,1111496.0,2747.0,,,
AFR,Africa,Madagascar,2002,51.2,12.66,898515.0,2221.0,,,
AFR,Africa,Madagascar,2003,65.3,16.14,1180072.0,2917.0,,,
AFR,Africa,Madagascar,2004,44.83,11.08,834134.0,2062.0,,,
AFR,Africa,Madagascar,2005,34.6,8.55,662852.0,1638.0,,,
AFR,Africa,Madagascar,2006,33.78,8.35,666523.0,1647.0,,,
AFR,Africa,Madagascar,2007,30.68,7.58,623274.0,1540.0,,,
AFR,Africa,Madagascar,2008,29.9,7.39,625589.0,1546.0,,,
AFR,Africa,Madagascar,2009,44.57,11.01,960270.0,2373.0,,,
AFR,Africa,Madagascar,2010,44.52,11.0,987619.0,2441.0,,,
AFR,Africa,Madagascar,2011,37.08,9.16,846187.0,2091.0,,,
AFR,Africa,Madagascar,2012,70.79,17.5,1660818.0,4105.0,,,
AFR,Africa,Madagascar,2013,63.67,15.74,1535144.0,3795.0,,,
AFR,Africa,Madagascar,2014,49.8,12.31,1233241.0,3048.0,,,
AFR,Africa,Madagascar,2015,107.0,26.44,2720036.0,6724.0,938490.0,938 490,
AFR,Africa,Madagascar,2016,63.37,15.66,1654009.0,4088.0,686024.0,686 024,
AFR,Africa,Madagascar,2017,77.22,19.09,2068659.0,5114.0,985852.0,187 415,5
AFR,Africa,Madagascar,2018,71.86,17.76,1975799.0,4884.0,972790.0,972 790,
AFR,Africa,Madagascar,2019,71.73,17.73,2024097.0,5004.0,963712.0,963 712,
AFR,Africa,Madagascar,2020,138.7,35.51,4016745.0,10281.0,1948739.0,1 948 739,
AFR,Africa,Madagascar,2021,166.3,42.57,4938471.0,12640.0,2338900.0,2 338 900,
AFR,Africa,Madagascar,2022,117.1,29.97,3563507.0,9121.0,1679547.0,1 679 547,
AFR,Africa,Madagascar,2023,200.0,51.21,6239945.0,15974.0,2843013.0,2 843 013,
AFR,Africa,Madagascar,2024,255.4,65.39,8165311.0,20903.0,3886959.0,3 886 959,
AFR,Africa,Malawi,2000,452.5,167.1,5121027.0,18912.0,,,
AFR,Africa,Malawi,2001,464.5,157.2,5384693.0,18226.0,,,
AFR,Africa,Malawi,2002,439.6,139.0,5222098.0,16518.0,,,
AFR,Africa,Malawi,2003,404.3,114.0,4925161.0,13882.0,,,
AFR,Africa,Malawi,2004,376.5,95.14,4706808.0,11893.0,,,
AFR,Africa,Malawi,2005,373.6,91.45,4797659.0,11742.0,,,
AFR,Africa,Malawi,2006,359.2,85.35,4740334.0,11265.0,,,
AFR,Africa,Malawi,2007,348.8,81.16,4734946.0,11018.0,,,
AFR,Africa,Malawi,2008,359.4,80.91,5022535.0,11309.0,,,
AFR,Africa,Malawi,2009,377.6,79.63,5435309.0,11464.0,,,
AFR,Africa,Malawi,2010,389.8,75.4,5779560.0,11179.0,,,
AFR,Africa,Malawi,2011,395.2,67.24,6033448.0,10264.0,,,
AFR,Africa,Malawi,2012,355.0,59.49,5576252.0,9345.0,,,
AFR,Africa,Malawi,2013,306.1,51.8,4947690.0,8372.0,,,
AFR,Africa,Malawi,2014,275.0,46.55,4571742.0,7737.0,,,
AFR,Africa,Malawi,2015,260.9,42.97,4457220.0,7341.0,3661238.0,3 661 238,
AFR,Africa,Malawi,2016,260.9,40.39,4581211.0,7092.0,4827373.0,4 827 373,
AFR,Africa,Malawi,2017,264.4,38.94,4770449.0,7024.0,4947443.0,4 947 443,
AFR,Africa,Malawi,2018,271.0,37.35,5020241.0,6921.0,5865476.0,5 865 476,
AFR,Africa,Malawi,2019,280.3,36.22,5332690.0,6892.0,5129919.0,5 129 919,
AFR,Africa,Malawi,2020,283.0,38.0,5528376.0,7423.0,7078271.0,7 078 271,
AFR,Africa,Malawi,2021,280.5,37.19,5623024.0,7456.0,6829223.0,6 829 223,
AFR,Africa,Malawi,2022,285.5,36.58,5872451.0,7525.0,4196890.0,4 196 890,
AFR,Africa,Malawi,2023,291.0,34.95,6141690.0,7376.0,6426150.0,6 426 150,
AFR,Africa,Malawi,2024,294.5,34.64,6378088.0,7501.0,9425147.0,9 425 147,
AFR,Africa,Mali,2000,395.0,196.3,4565653.0,22690.0,,,
AFR,Africa,Mali,2001,396.2,191.8,4719788.0,22848.0,,,
AFR,Africa,Mali,2002,405.1,172.6,4977784.0,21208.0,,,
AFR,Africa,Mali,2003,412.4,165.4,5230718.0,20976.0,,,
AFR,Africa,Mali,2004,417.9,157.0,5475357.0,20574.0,,,
AFR,Africa,Mali,2005,419.8,154.8,5683984.0,20957.0,,,
AFR,Africa,Mali,2006,395.1,147.7,5527211.0,20663.0,,,
AFR,Africa,Mali,2007,378.7,140.8,5474736.0,20353.0,,,
AFR,Africa,Mali,2008,369.2,132.5,5515727.0,19802.0,,,
AFR,Africa,Mali,2009,364.8,126.0,5630658.0,19444.0,,,
AFR,Africa,Mali,2010,373.6,124.8,5957047.0,19905.0,,,
AFR,Africa,Mali,2011,394.2,134.5,6491808.0,22149.0,,,
AFR,Africa,Mali,2012,424.3,137.9,7194633.0,23378.0,,,
AFR,Africa,Mali,2013,441.0,135.2,7699696.0,23614.0,,,
AFR,Africa,Mali,2014,429.5,121.5,7740479.0,21886.0,,,
AFR,Africa,Mali,2015,381.7,101.8,7097168.0,18935.0,2454508.0,,
AFR,Africa,Mali,2016,374.4,90.07,7184988.0,17286.0,2311098.0,,
AFR,Africa,Mali,2017,377.0,85.31,7469199.0,16903.0,2277218.0,,
AFR,Africa,Mali,2018,377.2,79.67,7710138.0,16287.0,2345475.0,,
AFR,Africa,Mali,2019,325.8,66.36,6863255.0,13982.0,3221535.0,3 165 483,
AFR,Africa,Mali,2020,349.4,75.01,7586538.0,16288.0,2666266.0,2 666 266,
AFR,Africa,Mali,2021,345.9,64.1,7744735.0,14352.0,3204130.0,3 204 130,
AFR,Africa,Mali,2022,346.2,61.88,7988199.0,14277.0,3771426.0,3 771 426,
AFR,Africa,Mali,2023,346.2,59.75,8229337.0,14203.0,3360557.0,3 360 557,
AFR,Africa,Mali,2024,346.2,58.17,8474969.0,14239.0,3789689.0,3 789 689,
AFR,Africa,Mauritania,2000,96.39,26.52,251920.0,693.0,,,
AFR,Africa,Mauritania,2001,93.67,24.6,250929.0,659.0,,,
AFR,Africa,Mauritania,2002,92.59,23.52,253562.0,644.0,,,
AFR,Africa,Mauritania,2003,96.01,22.91,269014.0,642.0,,,
AFR,Africa,Mauritania,2004,86.37,21.61,247772.0,620.0,,,
AFR,Africa,Mauritania,2005,84.33,20.99,247845.0,617.0,,,
AFR,Africa,Mauritania,2006,76.41,19.81,230284.0,597.0,,,
AFR,Africa,Mauritania,2007,75.8,19.66,234453.0,608.0,,,
AFR,Africa,Mauritania,2008,65.48,19.54,208443.0,622.0,,,
AFR,Africa,Mauritania,2009,32.98,19.21,108312.0,631.0,,,
AFR,Africa,Mauritania,2010,36.28,18.93,123009.0,642.0,,,
AFR,Africa,Mauritania,2011,46.39,18.9,162490.0,662.0,,,
AFR,Africa,Mauritania,2012,24.34,18.49,88074.0,669.0,,,
AFR,Africa,Mauritania,2013,27.11,18.26,101247.0,682.0,,,
AFR,Africa,Mauritania,2014,56.3,18.81,216687.0,724.0,,,
AFR,Africa,Mauritania,2015,73.55,18.94,291679.0,751.0,22631.0,,
AFR,Africa,Mauritania,2016,94.53,24.18,386314.0,988.0,29156.0,,
AFR,Africa,Mauritania,2017,72.79,18.62,306475.0,784.0,20105.0,,
AFR,Africa,Mauritania,2018,79.68,20.38,345632.0,884.0,30609.0,,
AFR,Africa,Mauritania,2019,60.21,15.4,269007.0,688.0,14869.0,,
AFR,Africa,Mauritania,2020,64.11,16.39,294897.0,754.0,12425.0,,
AFR,Africa,Mauritania,2021,26.25,6.72,124274.0,318.0,18660.0,,
AFR,Africa,Mauritania,2022,57.55,14.73,280579.0,718.0,41901.0,,
AFR,Africa,Mauritania,2023,42.86,10.97,215283.0,551.0,31424.0,,
AFR,Africa,Mauritania,2024,69.55,17.8,359550.0,920.0,77369.0,,
AFR,Africa,Mauritius,2021,0.0,0.0,0.0,0.0,,,
AFR,Africa,Mayotte,2003,20.97,5.3,792.0,792.0,,,
AFR,Africa,Mayotte,2004,19.3,2.6,743.0,743.0,,,
AFR,Africa,Mayotte,2005,12.65,2.53,500.0,500.0,,,
AFR,Africa,Mayotte,2006,7.81,0.0,318.0,318.0,,,
AFR,Africa,Mayotte,2007,6.96,0.0,292.0,292.0,,,
AFR,Africa,Mayotte,2008,4.58,0.0,198.0,198.0,,,
AFR,Africa,Mayotte,2009,2.3,0.0,102.0,102.0,,,
AFR,Africa,Mayotte,2010,5.19,0.0,237.0,237.0,,,
AFR,Africa,Mayotte,2011,1.07,0.0,50.0,50.0,,,
AFR,Africa,Mayotte,2012,0.6,0.0,29.0,29.0,,,
AFR,Africa,Mayotte,2013,0.02,0.0,1.0,1.0,,,
AFR,Africa,Mayotte,2014,0.019,0.0,1.0,1.0,,,
AFR,Africa,Mayotte,2015,0.019,0.0,1.0,1.0,1.0,,
AFR,Africa,Mayotte,2016,0.32,0.0,18.0,18.0,18.0,12,
AFR,Africa,Mayotte,2017,0.15,0.0,9.0,9.0,9.0,,
AFR,Africa,Mayotte,2018,0.051,0.0,3.0,3.0,3.0,,
AFR,Africa,Mayotte,2019,0.066,0.0,4.0,4.0,4.0,4,
AFR,Africa,Mayotte,2020,0.032,0.0,2.0,2.0,2.0,2,
AFR,Africa,Mayotte,2021,0.0,0.0,0.0,0.0,,,
AFR,Africa,Mayotte,2022,0.0,0.0,0.0,0.0,,,
AFR,Africa,Mayotte,2023,0.0,0.0,0.0,0.0,0.0,0,0
AFR,Africa,Mayotte,2024,0.0,0.0,0.0,0.0,,0,
AFR,Africa,Mozambique,2000,473.7,234.6,8587436.0,42536.0,,,
AFR,Africa,Mozambique,2001,489.9,229.6,9082421.0,42565.0,,,
AFR,Africa,Mozambique,2002,494.7,214.2,9377791.0,40612.0,,,
AFR,Africa,Mozambique,2003,483.9,190.9,9383083.0,37027.0,,,
AFR,Africa,Mozambique,2004,459.3,165.3,9112751.0,32801.0,,,
AFR,Africa,Mozambique,2005,442.2,141.2,8979666.0,28667.0,,,
AFR,Africa,Mozambique,2006,417.4,131.4,8676948.0,27312.0,,,
AFR,Africa,Mozambique,2007,388.0,117.2,8260033.0,24956.0,,,
AFR,Africa,Mozambique,2008,369.6,107.4,8064618.0,23439.0,,,
AFR,Africa,Mozambique,2009,371.5,105.7,8317814.0,23659.0,,,
AFR,Africa,Mozambique,2010,377.9,103.7,8692340.0,23849.0,,,
AFR,Africa,Mozambique,2011,376.0,99.18,8891760.0,23455.0,,,
AFR,Africa,Mozambique,2012,375.2,95.74,9132343.0,23302.0,,,
AFR,Africa,Mozambique,2013,372.4,94.86,9328796.0,23764.0,,,
AFR,Africa,Mozambique,2014,361.5,89.95,9321871.0,23197.0,,,
AFR,Africa,Mozambique,2015,353.7,82.37,9389145.0,21866.0,8222814.0,7 718 782,
AFR,Africa,Mozambique,2016,345.2,76.68,9437041.0,20963.0,9690873.0,8 520 376,
AFR,Africa,Mozambique,2017,333.7,70.36,9400298.0,19817.0,9892601.0,8 921 081,
AFR,Africa,Mozambique,2018,331.3,65.41,9613835.0,18980.0,10304472.0,9 292 928,
AFR,Africa,Mozambique,2019,324.0,60.55,9681576.0,18096.0,11734926.0,11 734 926,
AFR,Africa,Mozambique,2020,320.7,72.42,9870873.0,22295.0,11318685.0,11 318 685,
AFR,Africa,Mozambique,2021,312.4,66.86,9907099.0,21201.0,10095807.0,10 095 807,
AFR,Africa,Mozambique,2022,304.5,64.59,9943874.0,21094.0,12387459.0,12 387 459,
AFR,Africa,Mozambique,2023,303.5,53.14,10208354.0,17875.0,13230613.0,12 870 205,
AFR,Africa,Mozambique,2024,295.1,51.82,10219719.0,17946.0,11614258.0,11 614 258,
AFR,Africa,Namibia,2000,53.57,137.5,77331.0,1985.0,,,
AFR,Africa,Namibia,2001,69.81,117.2,102902.0,1728.0,,,
AFR,Africa,Namibia,2002,46.92,100.3,70395.0,1504.0,,,
AFR,Africa,Namibia,2003,44.39,72.67,67564.0,1106.0,,,
AFR,Africa,Namibia,2004,68.43,76.87,105493.0,1185.0,,,
AFR,Africa,Namibia,2005,41.83,84.88,65303.0,1325.0,,,
AFR,Africa,Namibia,2006,43.12,36.12,68176.0,571.0,,,
AFR,Africa,Namibia,2007,12.9,11.3,20663.0,181.0,,,
AFR,Africa,Namibia,2008,7.44,9.35,12094.0,152.0,,,
AFR,Africa,Namibia,2009,3.68,4.12,6068.0,68.0,,,
AFR,Africa,Namibia,2010,1.55,3.76,2590.0,63.0,,,
AFR,Africa,Namibia,2011,1.81,2.11,3092.0,36.0,,,
AFR,Africa,Namibia,2012,3.13,0.23,5456.0,4.0,,,
AFR,Africa,Namibia,2013,4.39,1.17,7844.0,21.0,,,
AFR,Africa,Namibia,2014,14.05,3.32,25780.0,61.0,,,
AFR,Africa,Namibia,2015,7.99,1.7,15052.0,32.0,9162.0,9162,
AFR,Africa,Namibia,2016,16.55,3.36,32052.0,65.0,19510.0,19 510,
AFR,Africa,Namibia,2017,44.81,2.86,89155.0,57.0,54268.0,54 268,
AFR,Africa,Namibia,2018,24.55,2.84,50217.0,58.0,30567.0,30 567,
AFR,Africa,Namibia,2019,2.71,0.29,5705.0,6.0,2376.0,2340,6
AFR,Africa,Namibia,2020,9.32,1.62,20197.0,35.0,12294.0,12 294,
AFR,Africa,Namibia,2021,9.56,0.63,21322.0,14.0,12979.0,12 979,
AFR,Africa,Namibia,2022,7.38,1.22,16923.0,28.0,10301.0,10 301,
AFR,Africa,Namibia,2023,8.24,0.98,19376.0,23.0,11794.0,11 794,
AFR,Africa,Namibia,2024,7.2,1.33,17315.0,32.0,10540.0,3134,
AFR,Africa,Niger,2000,359.2,201.6,4134706.0,23204.0,,,
AFR,Africa,Niger,2001,350.7,186.6,4180737.0,22246.0,,,
AFR,Africa,Niger,2002,327.9,166.4,4048859.0,20549.0,,,
AFR,Africa,Niger,2003,298.9,142.6,3825282.0,18243.0,,,
AFR,Africa,Niger,2004,302.8,134.7,4016648.0,17868.0,,,
AFR,Africa,Niger,2005,310.5,152.9,4271200.0,21033.0,,,
AFR,Africa,Niger,2006,307.4,117.0,4386050.0,16688.0,,,
AFR,Africa,Niger,2007,315.4,126.5,4668666.0,18725.0,,,
AFR,Africa,Niger,2008,351.8,128.4,5403729.0,19721.0,,,
AFR,Africa,Niger,2009,377.4,164.0,6017879.0,26151.0,,,
AFR,Africa,Niger,2010,410.1,158.7,6785885.0,26267.0,,,
AFR,Africa,Niger,2011,424.0,182.5,7283090.0,31339.0,,,
AFR,Africa,Niger,2012,428.0,163.5,7633594.0,29168.0,,,
AFR,Africa,Niger,2013,416.7,169.9,7717689.0,31459.0,,,
AFR,Africa,Niger,2014,410.1,159.8,7880779.0,30698.0,,,
AFR,Africa,Niger,2015,404.9,165.0,8073585.0,32906.0,2392108.0,2 267 867,
AFR,Africa,Niger,2016,389.3,169.6,8053568.0,35085.0,4258110.0,3 961 178,
AFR,Africa,Niger,2017,367.8,149.2,7883346.0,31978.0,2761268.0,2 638 580,
AFR,Africa,Niger,2018,349.8,148.4,7760340.0,32934.0,3046450.0,3 046 450,
AFR,Africa,Niger,2019,332.6,140.8,7631511.0,32319.0,3771451.0,3 748 155,
AFR,Africa,Niger,2020,330.8,150.5,7845383.0,35694.0,4377938.0,4 154 337,
AFR,Africa,Niger,2021,304.2,139.7,7452978.0,34234.0,4044707.0,4 044 707,
AFR,Africa,Niger,2022,305.1,137.5,7723787.0,34802.0,5166412.0,5 166 412,
AFR,Africa,Niger,2023,305.1,135.2,7982516.0,35381.0,4409695.0,4 409 695,
AFR,Africa,Niger,2024,305.1,131.2,8248768.0,35478.0,6900115.0,6 900 115,
AFR,Africa,Nigeria,2000,401.8,179.0,50779020.0,226214.0,,,
AFR,Africa,Nigeria,2001,394.5,174.3,51229713.0,226394.0,,,
AFR,Africa,Nigeria,2002,381.7,172.5,50952482.0,230268.0,,,
AFR,Africa,Nigeria,2003,382.1,150.0,52423482.0,205773.0,,,
AFR,Africa,Nigeria,2004,390.1,160.5,55028747.0,226329.0,,,
AFR,Africa,Nigeria,2005,395.9,144.7,57411916.0,209804.0,,,
AFR,Africa,Nigeria,2006,398.6,159.7,59418382.0,238098.0,,,
AFR,Africa,Nigeria,2007,400.6,151.1,61400329.0,231657.0,,,
AFR,Africa,Nigeria,2008,402.0,140.2,63355538.0,220910.0,,,
AFR,Africa,Nigeria,2009,390.0,134.8,63192869.0,218497.0,,,
AFR,Africa,Nigeria,2010,363.4,119.6,60551056.0,199233.0,,,
AFR,Africa,Nigeria,2011,339.5,107.2,58184509.0,183768.0,,,
AFR,Africa,Nigeria,2012,316.2,97.62,55718235.0,172012.0,,,
AFR,Africa,Nigeria,2013,297.8,90.51,53921321.0,163867.0,,,
AFR,Africa,Nigeria,2014,287.7,89.24,53483458.0,165886.0,,,
AFR,Africa,Nigeria,2015,283.8,88.66,54115123.0,169052.0,8068583.0,8 068 583,
AFR,Africa,Nigeria,2016,284.8,87.92,55667334.0,171827.0,13598282.0,13 598 282,
AFR,Africa,Nigeria,2017,289.0,88.48,57869533.0,177176.0,13087878.0,13 087 878,
AFR,Africa,Nigeria,2018,291.1,88.37,59652248.0,181095.0,14548024.0,14 548 024,
AFR,Africa,Nigeria,2019,293.0,86.67,61379283.0,181560.0,19806915.0,19 806 915,
AFR,Africa,Nigeria,2020,304.4,93.58,65133759.0,200257.0,18325240.0,18 325 240,
AFR,Africa,Nigeria,2021,299.3,87.29,65399501.0,190761.0,21325186.0,21 325 186,
AFR,Africa,Nigeria,2022,299.0,84.11,66721582.0,187692.0,23050405.0,23 050 405,
AFR,Africa,Nigeria,2023,299.0,81.05,68136453.0,184689.0,24098323.0,24 098 323,
AFR,Africa,Nigeria,2024,294.3,79.48,68466353.0,184933.0,22683496.0,22 208 760,
AFR,Africa,Rwanda,2000,180.4,75.2,1482057.0,6177.0,,,
AFR,Africa,Rwanda,2001,171.3,66.67,1419936.0,5525.0,,,
AFR,Africa,Rwanda,2002,157.0,64.11,1318743.0,5385.0,,,
AFR,Africa,Rwanda,2003,139.2,51.47,1195476.0,4420.0,,,
AFR,Africa,Rwanda,2004,122.3,41.84,1078659.0,3689.0,,,
AFR,Africa,Rwanda,2005,152.1,37.23,1376821.0,3371.0,,,
AFR,Africa,Rwanda,2006,150.1,33.91,1395452.0,3153.0,,,
AFR,Africa,Rwanda,2007,88.02,32.0,840559.0,3056.0,,,
AFR,Africa,Rwanda,2008,69.73,30.67,683661.0,3007.0,,,
AFR,Africa,Rwanda,2009,153.7,29.51,1546660.0,2969.0,,,
AFR,Africa,Rwanda,2010,104.7,29.1,1079765.0,3002.0,,,
AFR,Africa,Rwanda,2011,36.94,28.15,390611.0,2977.0,,,
AFR,Africa,Rwanda,2012,59.69,27.29,646386.0,2955.0,,,
AFR,Africa,Rwanda,2013,109.5,26.63,1214623.0,2954.0,,,
AFR,Africa,Rwanda,2014,202.3,26.04,2299121.0,2959.0,,,
AFR,Africa,Rwanda,2015,308.0,25.74,3585563.0,2996.0,2505794.0,2 505 794,
AFR,Africa,Rwanda,2016,410.1,25.61,4887836.0,3053.0,3380568.0,3 380 568,
AFR,Africa,Rwanda,2017,711.4,25.46,8681013.0,3107.0,5940533.0,5 940 533,
AFR,Africa,Rwanda,2018,477.6,25.17,5963859.0,3143.0,4231883.0,4 231 883,
AFR,Africa,Rwanda,2019,385.3,24.57,4923219.0,3139.0,3612822.0,3 612 822,
AFR,Africa,Rwanda,2020,213.1,24.38,2784545.0,3186.0,2043392.0,2 043 392,
AFR,Africa,Rwanda,2021,118.7,24.43,1585741.0,3263.0,1163670.0,1 163 670,
AFR,Africa,Rwanda,2022,85.57,24.25,1168150.0,3311.0,857228.0,857 228,
AFR,Africa,Rwanda,2023,53.64,24.0,748570.0,3349.0,549326.0,549 326,
AFR,Africa,Rwanda,2024,77.14,23.92,1099728.0,3410.0,807017.0,215 775,416
AFR,Africa,Sao Tome and Principe,2000,222.0,176.4,31975.0,254.0,,,
AFR,Africa,Sao Tome and Principe,2001,287.5,169.4,42086.0,248.0,,,
AFR,Africa,Sao Tome and Principe,2002,337.4,214.1,50586.0,321.0,,,
AFR,Africa,Sao Tome and Principe,2003,277.3,125.5,42656.0,193.0,,,
AFR,Africa,Sao Tome and Principe,2004,294.8,107.2,46486.0,169.0,,,
AFR,Africa,Sao Tome and Principe,2005,112.2,52.59,18139.0,85.0,,,
AFR,Africa,Sao Tome and Principe,2006,31.07,15.7,5146.0,26.0,,,
AFR,Africa,Sao Tome and Principe,2007,14.27,1.77,2421.0,3.0,,,
AFR,Africa,Sao Tome and Principe,2008,36.01,9.21,6258.0,16.0,,,
AFR,Africa,Sao Tome and Principe,2009,34.76,12.93,6182.0,23.0,,,
AFR,Africa,Sao Tome and Principe,2010,17.3,7.7,3146.0,14.0,,,
AFR,Africa,Sao Tome and Principe,2011,45.47,10.23,8442.0,19.0,,,
AFR,Africa,Sao Tome and Principe,2012,66.25,3.7,12550.0,7.0,,,
AFR,Africa,Sao Tome and Principe,2013,47.85,5.7,9243.0,11.0,,,
AFR,Africa,Sao Tome and Principe,2014,8.91,0.0,1754.0,0.0,,,
AFR,Africa,Sao Tome and Principe,2015,10.27,0.0,2056.0,0.0,2056.0,2055,
AFR,Africa,Sao Tome and Principe,2016,10.99,0.49,2238.0,1.0,2238.0,2238,
AFR,Africa,Sao Tome and Principe,2017,10.82,0.48,2239.0,1.0,2239.0,2239,
AFR,Africa,Sao Tome and Principe,2018,13.97,0.0,2937.0,0.0,2937.0,2937,
AFR,Africa,Sao Tome and Principe,2019,11.47,0.0,2447.0,0.0,2447.0,2447,
AFR,Africa,Sao Tome and Principe,2020,8.89,0.0,1933.0,0.0,1933.0,1933,
AFR,Africa,Sao Tome and Principe,2021,12.25,0.45,2719.0,1.0,2719.0,2719,
AFR,Africa,Sao Tome and Principe,2022,17.54,0.0,3970.0,0.0,3970.0,3970,
AFR,Africa,Sao Tome and Principe,2023,10.17,0.0,2348.0,0.0,2348.0,2258,
AFR,Africa,Sao Tome and Principe,2024,30.09,0.42,7087.0,1.0,7087.0,7087,
AFR,Africa,Senegal,2000,230.4,43.74,2296360.0,4360.0,,,
AFR,Africa,Senegal,2001,176.6,34.88,1803712.0,3562.0,,,
AFR,Africa,Senegal,2002,157.0,31.94,1642967.0,3343.0,,,
AFR,Africa,Senegal,2003,168.1,33.96,1802075.0,3641.0,,,
AFR,Africa,Senegal,2004,129.2,32.34,1418032.0,3550.0,,,
AFR,Africa,Senegal,2005,132.3,31.09,1485983.0,3493.0,,,
AFR,Africa,Senegal,2006,121.5,31.09,1397650.0,3575.0,,,
AFR,Africa,Senegal,2007,98.57,29.85,1160145.0,3514.0,,,
AFR,Africa,Senegal,2008,52.18,13.35,628766.0,1609.0,,,
AFR,Africa,Senegal,2009,32.88,8.41,405713.0,1038.0,,,
AFR,Africa,Senegal,2010,60.4,15.46,763134.0,1953.0,,,
AFR,Africa,Senegal,2011,48.31,12.36,626038.0,1602.0,,,
AFR,Africa,Senegal,2012,53.04,13.58,706020.0,1807.0,,,
AFR,Africa,Senegal,2013,57.87,14.81,793415.0,2031.0,,,
AFR,Africa,Senegal,2014,37.65,9.63,532782.0,1363.0,,,
AFR,Africa,Senegal,2015,69.27,17.73,1010929.0,2587.0,492253.0,492 253,
AFR,Africa,Senegal,2016,45.5,11.65,684129.0,1751.0,349540.0,349 540,
AFR,Africa,Senegal,2017,52.06,13.32,805691.0,2062.0,395706.0,395 706,
AFR,Africa,Senegal,2018,65.83,16.85,1047659.0,2682.0,530652.0,530 652,
AFR,Africa,Senegal,2019,41.11,10.52,672221.0,1720.0,354663.0,354 663,
AFR,Africa,Senegal,2020,35.59,9.11,597453.0,1529.0,445313.0,445 313,
AFR,Africa,Senegal,2021,41.85,10.71,720754.0,1845.0,536850.0,536 850,
AFR,Africa,Senegal,2022,38.1,9.75,672507.0,1721.0,445992.0,445 992,
AFR,Africa,Senegal,2023,34.69,8.88,627067.0,1605.0,310385.0,310 385,
AFR,Africa,Senegal,2024,36.78,9.42,680515.0,1742.0,415635.0,415 635,
AFR,Africa,Sierra Leone,2000,424.6,312.6,1878165.0,13827.0,,,
AFR,Africa,Sierra Leone,2001,425.1,294.8,1994684.0,13832.0,,,
AFR,Africa,Sierra Leone,2002,425.6,276.0,2115738.0,13721.0,,,
AFR,Africa,Sierra Leone,2003,414.3,247.7,2145109.0,12823.0,,,
AFR,Africa,Sierra Leone,2004,405.4,220.3,2171163.0,11799.0,,,
AFR,Africa,Sierra Leone,2005,401.2,203.1,2207239.0,11172.0,,,
AFR,Africa,Sierra Leone,2006,397.6,193.1,2236559.0,10861.0,,,
AFR,Africa,Sierra Leone,2007,405.1,206.5,2329327.0,11874.0,,,
AFR,Africa,Sierra Leone,2008,427.1,225.1,2517625.0,13270.0,,,
AFR,Africa,Sierra Leone,2009,445.0,240.1,2694987.0,14542.0,,,
AFR,Africa,Sierra Leone,2010,438.9,229.7,2731064.0,14295.0,,,
AFR,Africa,Sierra Leone,2011,427.8,219.3,2732401.0,14007.0,,,
AFR,Africa,Sierra Leone,2012,413.4,194.9,2708451.0,12766.0,,,
AFR,Africa,Sierra Leone,2013,396.1,170.7,2659590.0,11459.0,,,
AFR,Africa,Sierra Leone,2014,380.3,154.7,2615056.0,10635.0,,,
AFR,Africa,Sierra Leone,2015,367.8,150.0,2588604.0,10553.0,1483376.0,1 483 376,
AFR,Africa,Sierra Leone,2016,363.6,131.6,2619598.0,9480.0,1775306.0,1 775 306,
AFR,Africa,Sierra Leone,2017,350.5,121.4,2586803.0,8961.0,1651236.0,1 651 236,
AFR,Africa,Sierra Leone,2018,340.6,114.1,2573166.0,8620.0,1733831.0,1 733 831,
AFR,Africa,Sierra Leone,2019,321.9,103.2,2488781.0,7977.0,2407505.0,2 407 505,
AFR,Africa,Sierra Leone,2020,313.1,118.7,2477507.0,9392.0,725006.0,725 006,
AFR,Africa,Sierra Leone,2021,305.8,104.6,2475463.0,8464.0,1953902.0,1 953 902,
AFR,Africa,Sierra Leone,2022,298.2,99.0,2468061.0,8194.0,1768419.0,1 768 419,
AFR,Africa,Sierra Leone,2023,284.1,78.42,2403478.0,6635.0,2090143.0,2 090 143,
AFR,Africa,Sierra Leone,2024,282.7,76.9,2442803.0,6646.0,1911083.0,1 911 083,
AFR,Africa,South Africa,2000,3.86,8.99,18202.0,424.0,,,
AFR,Africa,South Africa,2001,5.57,1.7,26506.0,81.0,,,
AFR,Africa,South Africa,2002,3.26,2.0,15649.0,96.0,,,
AFR,Africa,South Africa,2003,2.78,2.93,13459.0,142.0,,,
AFR,Africa,South Africa,2004,2.73,1.8,13399.0,88.0,,,
AFR,Africa,South Africa,2005,1.57,1.27,7755.0,63.0,,,
AFR,Africa,South Africa,2006,2.42,1.74,12098.0,87.0,,,
AFR,Africa,South Africa,2007,1.25,0.73,6327.0,37.0,,,
AFR,Africa,South Africa,2008,1.53,0.84,7796.0,43.0,,,
AFR,Africa,South Africa,2009,1.17,0.87,6072.0,45.0,,,
AFR,Africa,South Africa,2010,1.54,1.59,8060.0,83.0,,,
AFR,Africa,South Africa,2011,1.86,1.02,9866.0,54.0,,,
AFR,Africa,South Africa,2012,1.23,1.34,6621.0,72.0,,,
AFR,Africa,South Africa,2013,1.58,1.92,8645.0,105.0,,,
AFR,Africa,South Africa,2014,2.11,3.13,11705.0,174.0,,,
AFR,Africa,South Africa,2015,0.87,1.94,4959.0,110.0,4959.0,4946,5
AFR,Africa,South Africa,2016,0.75,0.59,4323.0,34.0,4323.0,4323,
AFR,Africa,South Africa,2017,4.06,5.22,23381.0,301.0,23381.0,23 381,
AFR,Africa,South Africa,2018,1.63,1.18,9562.0,69.0,9562.0,9562,
AFR,Africa,South Africa,2019,0.81,1.33,4821.0,79.0,4821.0,4821,
AFR,Africa,South Africa,2020,0.74,0.63,4463.0,38.0,4463.0,4463,
AFR,Africa,South Africa,2021,0.48,0.91,2972.0,56.0,2972.0,1598,
AFR,Africa,South Africa,2022,0.33,0.46,2043.0,29.0,2043.0,2043,
AFR,Africa,South Africa,2023,0.84,1.01,5291.0,64.0,5291.0,5291,
AFR,Africa,South Africa,2024,0.11,0.16,735.0,10.0,735.0,590,
AFR,Africa,South Sudan,2000,344.6,192.1,2078646.0,11590.0,,,
AFR,Africa,South Sudan,2001,344.9,181.0,2175829.0,11420.0,,,
AFR,Africa,South Sudan,2002,339.7,159.7,2240881.0,10534.0,,,
AFR,Africa,South Sudan,2003,329.8,140.1,2276524.0,9668.0,,,
AFR,Africa,South Sudan,2004,315.5,124.0,2281992.0,8967.0,,,
AFR,Africa,South Sudan,2005,305.9,108.8,2321502.0,8259.0,,,
AFR,Africa,South Sudan,2006,292.8,101.1,2335204.0,8066.0,,,
AFR,Africa,South Sudan,2007,274.8,90.3,2305236.0,7575.0,,,
AFR,Africa,South Sudan,2008,268.1,83.43,2364003.0,7357.0,,,
AFR,Africa,South Sudan,2009,271.1,75.94,2506071.0,7020.0,,,
AFR,Africa,South Sudan,2010,275.6,70.13,2686136.0,6835.0,,,
AFR,Africa,South Sudan,2011,281.3,66.46,2894329.0,6837.0,,,
AFR,Africa,South Sudan,2012,278.4,61.74,2994497.0,6641.0,,,
AFR,Africa,South Sudan,2013,276.1,61.17,3083024.0,6830.0,,,
AFR,Africa,South Sudan,2014,271.0,62.16,3045151.0,6984.0,,,
AFR,Africa,South Sudan,2015,269.3,66.51,2991345.0,7388.0,24371.0,24 371,
AFR,Africa,South Sudan,2016,265.7,68.24,2877621.0,7391.0,7619.0,7619,
AFR,Africa,South Sudan,2017,277.3,76.25,2844866.0,7823.0,1488005.0,1 488 005,
AFR,Africa,South Sudan,2018,276.3,75.49,2797006.0,7642.0,98843.0,3242,
AFR,Africa,South Sudan,2019,285.9,75.75,2980388.0,7896.0,1903742.0,1 902 505,
AFR,Africa,South Sudan,2020,281.6,66.7,3012729.0,7136.0,661922.0,145 954,2205
AFR,Africa,South Sudan,2021,276.8,62.01,3007878.0,6738.0,2017227.0,1 943 519,43 197
AFR,Africa,South Sudan,2022,274.8,60.79,3028440.0,6700.0,2527657.0,2 382 940,13 907
AFR,Africa,South Sudan,2023,264.9,58.09,3042333.0,6671.0,3428237.0,3 428 237,
AFR,Africa,South Sudan,2024,254.1,56.51,3034559.0,6749.0,3547305.0,3 547 305,
AFR,Africa,Togo,2000,445.1,96.07,2287916.0,4938.0,,,
AFR,Africa,Togo,2001,441.8,98.8,2331292.0,5214.0,,,
AFR,Africa,Togo,2002,450.6,104.7,2439233.0,5666.0,,,
AFR,Africa,Togo,2003,466.2,110.3,2588469.0,6124.0,,,
AFR,Africa,Togo,2004,478.7,118.1,2726770.0,6728.0,,,
AFR,Africa,Togo,2005,481.5,116.8,2814225.0,6824.0,,,
AFR,Africa,Togo,2006,474.9,107.4,2854710.0,6454.0,,,
AFR,Africa,Togo,2007,447.3,93.56,2767828.0,5790.0,,,
AFR,Africa,Togo,2008,396.3,75.81,2524148.0,4828.0,,,
AFR,Africa,Togo,2009,343.1,64.93,2248266.0,4254.0,,,
AFR,Africa,Togo,2010,318.5,60.05,2144504.0,4043.0,,,
AFR,Africa,Togo,2011,310.6,58.14,2148045.0,4021.0,,,
AFR,Africa,Togo,2012,336.2,61.99,2387317.0,4402.0,,,
AFR,Africa,Togo,2013,369.6,67.67,2692633.0,4930.0,,,
AFR,Africa,Togo,2014,369.0,68.56,2757163.0,5123.0,,,
AFR,Africa,Togo,2015,372.3,67.22,2853364.0,5151.0,1610711.0,1 610 568,
AFR,Africa,Togo,2016,368.6,59.07,2896314.0,4642.0,1746334.0,1 746 101,
AFR,Africa,Togo,2017,351.1,47.88,2829242.0,3858.0,1756582.0,1 756 331,
AFR,Africa,Togo,2018,322.5,43.08,2663084.0,3558.0,2002877.0,2 002 712,
AFR,Africa,Togo,2019,290.0,40.48,2454104.0,3426.0,2406091.0,2 402 967,
AFR,Africa,Togo,2020,283.9,41.26,2461528.0,3577.0,1737469.0,1 737 469,
AFR,Africa,Togo,2021,279.5,39.94,2481567.0,3546.0,1845368.0,1 844 659,
AFR,Africa,Togo,2022,278.6,38.8,2532312.0,3527.0,2222943.0,2 222 943,
AFR,Africa,Togo,2023,264.8,37.14,2463762.0,3456.0,2367706.0,2 366 541,
AFR,Africa,Togo,2024,249.3,36.64,2371693.0,3486.0,2182671.0,2 182 187,
AFR,Africa,Uganda,2000,482.8,175.2,11586580.0,42056.0,,,
AFR,Africa,Uganda,2001,508.4,187.3,12581378.0,46341.0,,,
AFR,Africa,Uganda,2002,501.6,183.4,12807776.0,46832.0,,,
AFR,Africa,Uganda,2003,479.4,170.0,12632227.0,44798.0,,,
AFR,Africa,Uganda,2004,442.8,130.5,12023589.0,35430.0,,,
AFR,Africa,Uganda,2005,426.3,110.7,11919970.0,30951.0,,,
AFR,Africa,Uganda,2006,425.6,95.71,12255369.0,27560.0,,,
AFR,Africa,Uganda,2007,417.9,88.84,12392325.0,26344.0,,,
AFR,Africa,Uganda,2008,417.7,88.18,12756439.0,26930.0,,,
AFR,Africa,Uganda,2009,422.8,86.47,13297542.0,27197.0,,,
AFR,Africa,Uganda,2010,406.0,79.45,13149835.0,25736.0,,,
AFR,Africa,Uganda,2011,382.9,70.57,12771289.0,23537.0,,,
AFR,Africa,Uganda,2012,349.8,65.45,12011037.0,22473.0,,,
AFR,Africa,Uganda,2013,310.3,53.17,10964151.0,18788.0,,,
AFR,Africa,Uganda,2014,292.1,48.76,10631444.0,17748.0,,,
AFR,Africa,Uganda,2015,288.7,42.0,10835166.0,15762.0,7412747.0,7 137 662,
AFR,Africa,Uganda,2016,281.0,40.3,10903429.0,15637.0,9735849.0,9 385 132,
AFR,Africa,Uganda,2017,276.5,39.33,11109517.0,15802.0,11667831.0,11 667 831,
AFR,Africa,Uganda,2018,269.2,36.7,11190095.0,15254.0,5759174.0,5 759 174,
AFR,Africa,Uganda,2019,250.8,37.09,10785343.0,15947.0,13982362.0,13 982 362,
AFR,Africa,Uganda,2020,255.7,41.64,11366057.0,18514.0,16329136.0,16 329 136,
AFR,Africa,Uganda,2021,268.6,37.98,12332244.0,17438.0,14336387.0,14 336 387,
AFR,Africa,Uganda,2022,266.6,37.07,12612787.0,17538.0,19185472.0,19 185 472,
AFR,Africa,Uganda,2023,267.6,32.77,13019258.0,15945.0,15968780.0,15 968 780,
AFR,Africa,Uganda,2024,264.2,32.4,13215579.0,16204.0,12728239.0,12 728 239,
AFR,Africa,United Republic of Tanzania,2000,334.6,129.2,11463669.0,44280.0,,,
AFR,Africa,United Republic of Tanzania,2001,318.5,118.4,11208998.0,41667.0,,,
AFR,Africa,United Republic of Tanzania,2002,297.3,99.51,10740103.0,35943.0,,,
AFR,Africa,United Republic of Tanzania,2003,278.7,89.31,10335118.0,33124.0,,,
AFR,Africa,United Republic of Tanzania,2004,264.9,78.65,10097043.0,29973.0,,,
AFR,Africa,United Republic of Tanzania,2005,251.7,70.11,9861299.0,27472.0,,,
AFR,Africa,United Republic of Tanzania,2006,225.7,62.82,9095258.0,25312.0,,,
AFR,Africa,United Republic of Tanzania,2007,197.9,56.26,8199655.0,23310.0,,,
AFR,Africa,United Republic of Tanzania,2008,174.6,51.45,7431115.0,21901.0,,,
AFR,Africa,United Republic of Tanzania,2009,155.4,50.23,6781466.0,21916.0,,,
AFR,Africa,United Republic of Tanzania,2010,145.6,47.85,6515227.0,21418.0,,,
AFR,Africa,United Republic of Tanzania,2011,133.0,45.63,6120602.0,21003.0,,,
AFR,Africa,United Republic of Tanzania,2012,121.4,43.9,5753489.0,20796.0,,,
AFR,Africa,United Republic of Tanzania,2013,131.8,45.15,6434966.0,22043.0,,,
AFR,Africa,United Republic of Tanzania,2014,146.4,45.67,7369397.0,22996.0,,,
AFR,Africa,United Republic of Tanzania,2015,141.8,44.68,7376748.0,23244.0,4900278.0,4 900 103,
AFR,Africa,United Republic of Tanzania,2016,134.0,43.39,7214935.0,23354.0,5762462.0,5 760 684,
AFR,Africa,United Republic of Tanzania,2017,123.2,41.61,6855536.0,23157.0,5744907.0,5 741 596,
AFR,Africa,United Republic of Tanzania,2018,111.5,40.53,6403212.0,23280.0,6390976.0,6 051 844,
AFR,Africa,United Republic of Tanzania,2019,116.1,39.81,6869755.0,23560.0,6482151.0,6 479 812,12
AFR,Africa,United Republic of Tanzania,2020,123.3,40.29,7520952.0,24568.0,6300316.0,6 298 259,0
AFR,Africa,United Republic of Tanzania,2021,133.3,40.04,8377141.0,25155.0,4619074.0,4 618 710,
AFR,Africa,United Republic of Tanzania,2022,132.4,39.4,8567395.0,25499.0,3654964.0,3 654 393,0
AFR,Africa,United Republic of Tanzania,2023,138.5,38.34,9223258.0,25540.0,3763241.0,3 754 824,4
AFR,Africa,United Republic of Tanzania,2024,136.7,38.01,9373891.0,26062.0,3578378.0,3 568 821,
AFR,Africa,Zambia,2000,360.3,146.2,3609642.0,14647.0,,,
AFR,Africa,Zambia,2001,379.2,140.3,3915640.0,14486.0,,,
AFR,Africa,Zambia,2002,370.0,114.6,3939329.0,12203.0,,,
AFR,Africa,Zambia,2003,348.0,93.28,3822568.0,10245.0,,,
AFR,Africa,Zambia,2004,300.9,76.46,3411557.0,8669.0,,,
AFR,Africa,Zambia,2005,262.5,64.13,3076469.0,7515.0,,,
AFR,Africa,Zambia,2006,225.9,56.1,2740468.0,6805.0,,,
AFR,Africa,Zambia,2007,194.7,50.92,2445911.0,6398.0,,,
AFR,Africa,Zambia,2008,171.6,48.21,2234659.0,6278.0,,,
AFR,Africa,Zambia,2009,166.8,46.67,2249987.0,6296.0,,,
AFR,Africa,Zambia,2010,169.9,45.49,2373068.0,6353.0,,,
AFR,Africa,Zambia,2011,181.1,46.17,2614996.0,6666.0,,,
AFR,Africa,Zambia,2012,206.2,46.8,3074514.0,6979.0,,,
AFR,Africa,Zambia,2013,228.0,48.44,3511365.0,7459.0,,,
AFR,Africa,Zambia,2014,237.5,50.56,3774704.0,8037.0,,,
AFR,Africa,Zambia,2015,237.8,48.87,3899391.0,8015.0,4184661.0,4 184 661,
AFR,Africa,Zambia,2016,229.1,46.88,3874779.0,7930.0,4851319.0,4 851 319,
AFR,Africa,Zambia,2017,220.1,45.25,3838911.0,7892.0,5505639.0,5 505 639,
AFR,Africa,Zambia,2018,222.0,44.77,3990124.0,8046.0,5039679.0,5 039 679,
AFR,Africa,Zambia,2019,223.9,43.66,4144367.0,8084.0,5147350.0,5 147 350,
AFR,Africa,Zambia,2020,234.2,44.89,4464614.0,8556.0,8121215.0,8 121 215,
AFR,Africa,Zambia,2021,241.0,44.55,4724078.0,8734.0,6769142.0,6 769 142,
AFR,Africa,Zambia,2022,246.1,43.83,4959659.0,8834.0,8126829.0,8 126 829,
AFR,Africa,Zambia,2023,252.1,41.14,5224073.0,8525.0,8318536.0,8 318 534,
AFR,Africa,Zambia,2024,252.4,40.73,5380115.0,8682.0,9260320.0,9 260 320,
AFR,Africa,Zimbabwe,2000,102.6,26.26,960651.0,2459.0,,,
AFR,Africa,Zimbabwe,2001,102.6,26.25,967102.0,2475.0,,,
AFR,Africa,Zimbabwe,2002,102.6,26.26,976452.0,2499.0,,,
AFR,Africa,Zimbabwe,2003,102.6,26.26,988139.0,2529.0,,,
AFR,Africa,Zimbabwe,2004,102.6,26.26,998929.0,2557.0,,,
AFR,Africa,Zimbabwe,2005,102.6,26.26,1008423.0,2581.0,,,
AFR,Africa,Zimbabwe,2006,102.6,26.26,1020784.0,2613.0,,,
AFR,Africa,Zimbabwe,2007,167.6,42.91,1690025.0,4326.0,,,
AFR,Africa,Zimbabwe,2008,67.51,17.28,688884.0,1763.0,,,
AFR,Africa,Zimbabwe,2009,73.82,18.89,763956.0,1955.0,,,
AFR,Africa,Zimbabwe,2010,104.4,26.72,1097776.0,2810.0,,,
AFR,Africa,Zimbabwe,2011,67.45,17.26,722030.0,1848.0,,,
AFR,Africa,Zimbabwe,2012,54.46,13.93,592559.0,1516.0,,,
AFR,Africa,Zimbabwe,2013,78.27,20.04,863692.0,2211.0,,,
AFR,Africa,Zimbabwe,2014,97.71,25.01,1093059.0,2798.0,,,
AFR,Africa,Zimbabwe,2015,94.12,24.09,1067121.0,2731.0,484614.0,484 614,
AFR,Africa,Zimbabwe,2016,66.16,16.94,760626.0,1947.0,316631.0,316 631,
AFR,Africa,Zimbabwe,2017,114.7,29.36,1337886.0,3424.0,471030.0,471 030,
AFR,Africa,Zimbabwe,2018,53.61,13.72,634718.0,1624.0,266117.0,266 117,
AFR,Africa,Zimbabwe,2019,65.09,16.66,782740.0,2003.0,308173.0,308 173,
AFR,Africa,Zimbabwe,2020,94.3,24.14,1152901.0,2951.0,447381.0,447 381,
AFR,Africa,Zimbabwe,2021,27.54,7.04,342543.0,876.0,133137.0,133 137,
AFR,Africa,Zimbabwe,2022,28.9,7.4,365695.0,936.0,141076.0,141 076,
AFR,Africa,Zimbabwe,2023,49.4,12.64,635589.0,1627.0,246154.0,246 154,
AFR,Africa,Zimbabwe,2024,11.36,2.91,148833.0,381.0,56058.0,56 058,
AMR,Americas,Argentina,2000,2.36,0.0,440.0,0.0,,,
AMR,Americas,Argentina,2001,1.14,0.0,215.0,0.0,,,
AMR,Americas,Argentina,2002,0.66,0.0,125.0,0.0,,,
AMR,Americas,Argentina,2003,0.65,0.52,124.0,1.0,,,
AMR,Americas,Argentina,2004,0.6,0.0,116.0,0.0,,,
AMR,Americas,Argentina,2005,1.18,0.0,231.0,0.0,,,
AMR,Americas,Argentina,2006,0.87,0.0,172.0,0.0,,,
AMR,Americas,Argentina,2007,1.64,0.0,328.0,0.0,,,
AMR,Americas,Argentina,2008,0.52,0.0,105.0,0.0,,,
AMR,Americas,Argentina,2009,0.45,0.0,92.0,0.0,,,
AMR,Americas,Argentina,2010,0.26,0.0,54.0,0.0,,,
AMR,Americas,Argentina,2011,0.0,0.0,0.0,0.0,,,
AMR,Americas,Argentina,2012,0.0,0.0,0.0,0.0,,,
AMR,Americas,Argentina,2013,0.0,0.0,0.0,0.0,,,
AMR,Americas,Argentina,2014,0.0,0.0,0.0,0.0,,,
AMR,Americas,Argentina,2015,0.0,0.0,0.0,0.0,0.0,0,0
AMR,Americas,Argentina,2016,0.0,0.0,0.0,0.0,0.0,0,0
AMR,Americas,Argentina,2017,0.0,0.0,0.0,0.0,0.0,0,0
AMR,Americas,Argentina,2018,0.0,0.0,0.0,0.0,0.0,0,0
AMR,Americas,Argentina,2019,0.0,0.0,0.0,0.0,0.0,0,0
AMR,Americas,Argentina,2020,0.0,0.0,0.0,0.0,0.0,0,0
AMR,Americas,Argentina,2021,0.0,0.0,0.0,0.0,0.0,0,0
AMR,Americas,Argentina,2022,0.0,0.0,0.0,0.0,0.0,0,0
AMR,Americas,Argentina,2023,0.0,0.0,0.0,0.0,0.0,0,0
AMR,Americas,Argentina,2024,0.0,0.0,0.0,0.0,0.0,0,0
AMR,Americas,Belize,2000,8.94,0.0,1486.0,0.0,,,
AMR,Americas,Belize,2001,6.78,0.0,1162.0,0.0,,,
AMR,Americas,Belize,2002,6.42,0.0,1134.0,0.0,,,
AMR,Americas,Belize,2003,7.27,0.0,1324.0,0.0,,,
AMR,Americas,Belize,2004,5.69,0.53,1066.0,1.0,,,
AMR,Americas,Belize,2005,8.03,0.0,1549.0,0.0,,,
AMR,Americas,Belize,2006,4.25,0.5,844.0,1.0,,,
AMR,Americas,Belize,2007,4.14,0.0,845.0,0.0,,,
AMR,Americas,Belize,2008,2.57,0.0,540.0,0.0,,,
AMR,Americas,Belize,2009,1.19,0.0,256.0,0.0,,,
AMR,Americas,Belize,2010,0.68,0.0,150.0,0.0,,,
AMR,Americas,Belize,2011,0.32,0.0,72.0,0.0,,,
AMR,Americas,Belize,2012,0.14,0.0,33.0,0.0,,,
AMR,Americas,Belize,2013,0.085,0.0,20.0,0.0,,,
AMR,Americas,Belize,2014,0.079,0.0,19.0,0.0,,,
AMR,Americas,Belize,2015,0.037,0.0,9.0,0.0,9.0,,9
AMR,Americas,Belize,2016,0.016,0.0,4.0,0.0,4.0,,4
AMR,Americas,Belize,2017,0.027,0.0,7.0,0.0,7.0,,5
AMR,Americas,Belize,2018,0.011,0.0,3.0,0.0,3.0,1,2
AMR,Americas,Belize,2019,0.0,0.0,0.0,0.0,0.0,0,0
AMR,Americas,Belize,2020,0.0,0.0,0.0,0.0,0.0,0,0
AMR,Americas,Belize,2021,0.0,0.0,0.0,0.0,0.0,0,0
AMR,Americas,Belize,2022,0.0,0.0,0.0,0.0,0.0,0,0
AMR,Americas,Belize,2023,0.0,0.0,0.0,0.0,0.0,0,0
AMR,Americas,Belize,2024,0.0,0.0,0.0,0.0,0.0,0,0
AMR,Americas,Bolivia,2000,11.69,0.61,,,,,
AMR,Americas,Bolivia,2001,5.62,0.23,,,,,
AMR,Americas,Bolivia,2002,4.9,0.22,,,,,
AMR,Americas,Bolivia,2003,6.71,0.29,,,,,
AMR,Americas,Bolivia,2004,4.84,0.22,,,,,
AMR,Americas,Bolivia,2005,6.43,0.28,,,,,
AMR,Americas,Bolivia,2006,5.96,0.32,,,,,
AMR,Americas,Bolivia,2007,4.51,0.25,,,,,
AMR,Americas,Bolivia,2008,2.96,0.13,,,,,
AMR,Americas,Bolivia,2009,2.94,0.13,,,,,
AMR,Americas,Bolivia,2010,4.04,0.22,,,,,
AMR,Americas,Bolivia,2011,2.06,0.085,,,,,
AMR,Americas,Bolivia,2012,2.11,0.084,,,,,
AMR,Americas,Bolivia,2013,2.25,0.12,,,,,
AMR,Americas,Bolivia,2014,2.23,0.081,,,,,
AMR,Americas,Bolivia,2015,1.86,0.06,,,,,
AMR,Americas,Bolivia,2016,1.48,0.039,,,,,
AMR,Americas,Bolivia,2017,1.2,0.039,,,,,
AMR,Americas,Bolivia,2018,1.39,0.038,,,,,
AMR,Americas,Bolivia,2019,2.39,0.076,,,,,
AMR,Americas,Bolivia,2020,3.08,0.11,,,,,
AMR,Americas,Bolivia,2021,2.49,0.074,,,,,
AMR,Americas,Bolivia,2022,2.55,0.091,,,,,
AMR,Americas,Bolivia,2023,2.51,0.13,,,,,
AMR,Americas,Bolivia,2024,3.83,0.21,,,,,
AMR,Americas,Bolivia (Plurinational State of),2000,,,45647.0,24.0,,,
AMR,Americas,Bolivia (Plurinational State of),2001,,,22330.0,9.0,,,
AMR,Americas,Bolivia (Plurinational State of),2002,,,19768.0,9.0,,,
AMR,Americas,Bolivia (Plurinational State of),2003,,,27568.0,12.0,,,
AMR,Americas,Bolivia (Plurinational State of),2004,,,20206.0,9.0,,,
AMR,Americas,Bolivia (Plurinational State of),2005,,,27296.0,12.0,,,
AMR,Americas,Bolivia (Plurinational State of),2006,,,25742.0,14.0,,,
AMR,Americas,Bolivia (Plurinational State of),2007,,,19799.0,11.0,,,
AMR,Americas,Bolivia (Plurinational State of),2008,,,13210.0,6.0,,,
AMR,Americas,Bolivia (Plurinational State of),2009,,,13344.0,6.0,,,
AMR,Americas,Bolivia (Plurinational State of),2010,,,18659.0,10.0,,,
AMR,Americas,Bolivia (Plurinational State of),2011,,,9680.0,4.0,,,
AMR,Americas,Bolivia (Plurinational State of),2012,,,10048.0,4.0,,,
AMR,Americas,Bolivia (Plurinational State of),2013,,,10906.0,6.0,,,
AMR,Americas,Bolivia (Plurinational State of),2014,,,10994.0,4.0,,,
AMR,Americas,Bolivia (Plurinational State of),2015,,,9315.0,3.0,6874.0,77,6785
AMR,Americas,Bolivia (Plurinational State of),2016,,,7510.0,2.0,5542.0,4,5535
AMR,Americas,Bolivia (Plurinational State of),2017,,,6195.0,2.0,4572.0,,4572
AMR,Americas,Bolivia (Plurinational State of),2018,,,7239.0,2.0,5342.0,,5342
AMR,Americas,Bolivia (Plurinational State of),2019,,,12654.0,4.0,9338.0,31,9299
AMR,Americas,Bolivia (Plurinational State of),2020,,,16506.0,6.0,12180.0,66,12 106
AMR,Americas,Bolivia (Plurinational State of),2021,,,13476.0,4.0,9944.0,165,9714
AMR,Americas,Bolivia (Plurinational State of),2022,,,13987.0,5.0,10321.0,466,9787
AMR,Americas,Bolivia (Plurinational State of),2023,,,13940.0,7.0,10287.0,917,9152
AMR,Americas,Bolivia (Plurinational State of),2024,,,21560.0,12.0,15704.0,1447,14 014
AMR,Americas,Brazil,2000,21.54,0.69,760760.0,245.0,,,
AMR,Americas,Brazil,2001,13.05,0.4,467114.0,142.0,,,
AMR,Americas,Brazil,2002,11.24,0.26,407200.0,95.0,,,
AMR,Americas,Brazil,2003,12.7,0.28,465651.0,104.0,,,
AMR,Americas,Brazil,2004,13.93,0.28,516739.0,102.0,,,
AMR,Americas,Brazil,2005,17.56,0.33,658276.0,123.0,,,
AMR,Americas,Brazil,2006,15.42,0.29,584183.0,110.0,,,
AMR,Americas,Brazil,2007,13.96,0.24,534516.0,93.0,,,
AMR,Americas,Brazil,2008,8.69,0.18,335694.0,68.0,,,
AMR,Americas,Brazil,2009,8.43,0.22,328858.0,85.0,,,
AMR,Americas,Brazil,2010,9.92,0.19,390024.0,76.0,,,
AMR,Americas,Brazil,2011,7.16,0.18,284024.0,70.0,,,
AMR,Americas,Brazil,2012,6.46,0.15,258095.0,60.0,,,
AMR,Americas,Brazil,2013,4.91,0.099,197679.0,40.0,,,
AMR,Americas,Brazil,2014,3.61,0.089,146599.0,36.0,,,
AMR,Americas,Brazil,2015,4.02,0.085,164589.0,35.0,141229.0,14 762,122 746
AMR,Americas,Brazil,2016,3.2,0.085,132022.0,35.0,124177.0,13 160,110 340
AMR,Americas,Brazil,2017,5.32,0.082,220913.0,34.0,189559.0,18 614,169 887
AMR,Americas,Brazil,2018,5.23,0.13,218813.0,56.0,187757.0,17 861,168 552
AMR,Americas,Brazil,2019,4.24,0.088,178650.0,37.0,153294.0,15 137,136 947
AMR,Americas,Brazil,2020,3.95,0.12,167113.0,51.0,143395.0,21 437,119 911
AMR,Americas,Brazil,2021,3.47,0.14,147804.0,61.0,139021.0,21 612,115 258
AMR,Americas,Brazil,2022,3.21,0.16,137150.0,70.0,129000.0,17 988,108 626
AMR,Americas,Brazil,2023,3.81,0.15,163461.0,63.0,140261.0,21 491,115 785
AMR,Americas,Brazil,2024,3.75,0.13,161548.0,54.0,138620.0,24 655,111 495
AMR,Americas,Colombia,2000,24.35,1.43,210720.0,124.0,,,
AMR,Americas,Colombia,2001,37.88,1.91,333024.0,168.0,,,
AMR,Americas,Colombia,2002,32.64,1.81,291432.0,162.0,,,
AMR,Americas,Colombia,2003,28.05,1.3,254224.0,118.0,,,
AMR,Americas,Colombia,2004,21.47,1.37,197464.0,126.0,,,
AMR,Americas,Colombia,2005,17.89,0.93,166899.0,87.0,,,
AMR,Americas,Colombia,2006,17.5,0.81,165418.0,77.0,,,
AMR,Americas,Colombia,2007,18.09,0.71,173191.0,68.0,,,
AMR,Americas,Colombia,2008,11.35,0.56,109966.0,54.0,,,
AMR,Americas,Colombia,2009,11.28,0.29,110555.0,28.0,,,
AMR,Americas,Colombia,2010,16.6,0.42,164564.0,42.0,,,
AMR,Americas,Colombia,2011,8.99,0.23,90130.0,23.0,,,
AMR,Americas,Colombia,2012,8.32,0.24,84176.0,24.0,,,
AMR,Americas,Colombia,2013,7.08,0.098,72346.0,10.0,,,
AMR,Americas,Colombia,2014,5.53,0.16,57024.0,17.0,,,
AMR,Americas,Colombia,2015,8.16,0.17,84841.0,18.0,55334.0,27 875,19 002
AMR,Americas,Colombia,2016,11.0,0.34,115550.0,36.0,82609.0,47 232,32 635
AMR,Americas,Colombia,2017,7.6,0.18,80963.0,19.0,52805.0,29 558,22 132
AMR,Americas,Colombia,2018,8.64,0.083,93827.0,9.0,61195.0,29 953,30 063
AMR,Americas,Colombia,2019,11.16,0.027,123297.0,3.0,80415.0,39 891,38 392
AMR,Americas,Colombia,2020,10.15,0.045,113807.0,5.0,81363.0,39 879,39 687
AMR,Americas,Colombia,2021,9.13,0.097,103472.0,11.0,73974.0,36 169,35 992
AMR,Americas,Colombia,2022,8.88,0.14,101685.0,16.0,72697.0,27 776,44 216
AMR,Americas,Colombia,2023,12.66,0.19,146665.0,22.0,104854.0,37 774,66 035
AMR,Americas,Colombia,2024,15.19,0.22,177870.0,26.0,127163.0,45 533,79 350
AMR,Americas,Costa Rica,2000,1.36,0.0,1879.0,0.0,,,
AMR,Americas,Costa Rica,2001,0.97,0.0,1363.0,0.0,,,
AMR,Americas,Costa Rica,2002,0.72,0.0,1021.0,0.0,,,
AMR,Americas,Costa Rica,2003,0.5,0.0,718.0,0.0,,,
AMR,Americas,Costa Rica,2004,0.88,0.0,1289.0,0.0,,,
AMR,Americas,Costa Rica,2005,2.37,0.0,3541.0,0.0,,,
AMR,Americas,Costa Rica,2006,1.92,0.0,2903.0,0.0,,,
AMR,Americas,Costa Rica,2007,0.8,0.0,1223.0,0.0,,,
AMR,Americas,Costa Rica,2008,0.62,0.0,966.0,0.0,,,
AMR,Americas,Costa Rica,2009,0.17,0.063,262.0,1.0,,,
AMR,Americas,Costa Rica,2010,0.069,0.0,110.0,0.0,,,
AMR,Americas,Costa Rica,2011,0.006,0.0,10.0,0.0,,,
AMR,Americas,Costa Rica,2012,0.004,0.0,7.0,0.0,,,
AMR,Americas,Costa Rica,2013,0.0,0.0,0.0,0.0,,,
AMR,Americas,Costa Rica,2014,0.0,0.0,0.0,0.0,,,
AMR,Americas,Costa Rica,2015,0.0,0.0,0.0,0.0,0.0,0,0
AMR,Americas,Costa Rica,2016,0.002,0.0,4.0,0.0,4.0,,4
AMR,Americas,Costa Rica,2017,0.007,0.0,12.0,0.0,12.0,,12
AMR,Americas,Costa Rica,2018,0.04,0.0,70.0,0.0,70.0,9,61
AMR,Americas,Costa Rica,2019,0.054,0.0,95.0,0.0,95.0,8,87
AMR,Americas,Costa Rica,2020,0.051,0.0,90.0,0.0,90.0,2,88
AMR,Americas,Costa Rica,2021,0.11,0.0,189.0,0.0,189.0,171,17
AMR,Americas,Costa Rica,2022,0.23,0.0,406.0,0.0,406.0,379,27
AMR,Americas,Costa Rica,2023,0.3,0.0,543.0,0.0,543.0,501,34
AMR,Americas,Costa Rica,2024,0.13,0.0,240.0,0.0,240.0,232,8
AMR,Americas,Dominican Republic,2000,0.32,0.13,1524.0,6.0,,,
AMR,Americas,Dominican Republic,2001,0.27,0.35,1315.0,17.0,,,
AMR,Americas,Dominican Republic,2002,0.35,0.23,1685.0,11.0,,,
AMR,Americas,Dominican Republic,2003,0.4,0.24,1983.0,12.0,,,
AMR,Americas,Dominican Republic,2004,0.61,0.32,3046.0,16.0,,,
AMR,Americas,Dominican Republic,2005,0.97,0.31,4950.0,16.0,,,
AMR,Americas,Dominican Republic,2006,0.88,0.19,4535.0,10.0,,,
AMR,Americas,Dominican Republic,2007,0.67,0.33,3478.0,17.0,,,
AMR,Americas,Dominican Republic,2008,0.45,0.21,2365.0,11.0,,,
AMR,Americas,Dominican Republic,2009,0.4,0.26,2115.0,14.0,,,
AMR,Americas,Dominican Republic,2010,0.59,0.28,3202.0,15.0,,,
AMR,Americas,Dominican Republic,2011,0.38,0.18,2088.0,10.0,,,
AMR,Americas,Dominican Republic,2012,0.22,0.14,1232.0,8.0,,,
AMR,Americas,Dominican Republic,2013,0.11,0.089,613.0,5.0,,,
AMR,Americas,Dominican Republic,2014,0.1,0.07,566.0,4.0,,,
AMR,Americas,Dominican Republic,2015,0.13,0.052,771.0,3.0,631.0,631,
AMR,Americas,Dominican Republic,2016,0.14,0.017,836.0,1.0,690.0,690,
AMR,Americas,Dominican Republic,2017,0.07,0.017,410.0,1.0,341.0,341,
AMR,Americas,Dominican Republic,2018,0.087,0.017,516.0,1.0,433.0,433,
AMR,Americas,Dominican Republic,2019,0.25,0.067,1528.0,4.0,1291.0,1291,
AMR,Americas,Dominican Republic,2020,0.16,0.033,977.0,2.0,826.0,826,
AMR,Americas,Dominican Republic,2021,0.046,0.016,284.0,1.0,284.0,284,
AMR,Americas,Dominican Republic,2022,0.052,0.0,320.0,0.0,320.0,320,
AMR,Americas,Dominican Republic,2023,0.041,0.0,253.0,0.0,253.0,253,
AMR,Americas,Dominican Republic,2024,0.19,0.0,1203.0,0.0,1203.0,1203,
AMR,Americas,Ecuador,2000,14.54,0.92,104528.0,66.0,,,
AMR,Americas,Ecuador,2001,14.88,1.15,108903.0,84.0,,,
AMR,Americas,Ecuador,2002,11.65,0.86,86757.0,64.0,,,
AMR,Americas,Ecuador,2003,6.87,0.61,52065.0,46.0,,,
AMR,Americas,Ecuador,2004,3.73,0.48,28730.0,37.0,,,
AMR,Americas,Ecuador,2005,2.17,0.28,17050.0,22.0,,,
AMR,Americas,Ecuador,2006,1.24,0.11,9863.0,9.0,,,
AMR,Americas,Ecuador,2007,1.01,0.099,8194.0,8.0,,,
AMR,Americas,Ecuador,2008,0.59,0.061,4891.0,5.0,,,
AMR,Americas,Ecuador,2009,0.49,0.071,4126.0,6.0,,,
AMR,Americas,Ecuador,2010,0.22,0.0,1888.0,0.0,,,
AMR,Americas,Ecuador,2011,0.14,0.0,1219.0,0.0,,,
AMR,Americas,Ecuador,2012,0.062,0.0,544.0,0.0,,,
AMR,Americas,Ecuador,2013,0.041,0.0,368.0,0.0,,,
AMR,Americas,Ecuador,2014,0.027,0.0,242.0,0.0,,,
AMR,Americas,Ecuador,2015,0.068,0.0,627.0,0.0,627.0,209,418
AMR,Americas,Ecuador,2016,0.13,0.0,1191.0,0.0,1191.0,403,788
AMR,Americas,Ecuador,2017,0.13,0.0,1275.0,0.0,1275.0,309,963
AMR,Americas,Ecuador,2018,0.17,0.0,1653.0,0.0,1653.0,149,1504
AMR,Americas,Ecuador,2019,0.18,0.0,1803.0,0.0,1803.0,211,1592
AMR,Americas,Ecuador,2020,0.19,0.03,1934.0,3.0,1934.0,214,1715
AMR,Americas,Ecuador,2021,0.22,0.0,2175.0,0.0,2175.0,445,1728
AMR,Americas,Ecuador,2022,0.13,0.01,1348.0,1.0,1348.0,198,1150
AMR,Americas,Ecuador,2023,0.059,0.0,604.0,0.0,604.0,30,574
AMR,Americas,Ecuador,2024,0.037,0.0,380.0,0.0,380.0,112,268
AMR,Americas,El Salvador,2000,0.62,0.0,753.0,0.0,,,
AMR,Americas,El Salvador,2001,0.3,0.0,362.0,0.0,,,
AMR,Americas,El Salvador,2002,0.096,0.0,117.0,0.0,,,
AMR,Americas,El Salvador,2003,0.07,0.0,85.0,0.0,,,
AMR,Americas,El Salvador,2004,0.092,0.0,112.0,0.0,,,
AMR,Americas,El Salvador,2005,0.055,0.0,67.0,0.0,,,
AMR,Americas,El Salvador,2006,0.04,0.0,49.0,0.0,,,
AMR,Americas,El Salvador,2007,0.033,0.0,40.0,0.0,,,
AMR,Americas,El Salvador,2008,0.027,0.0,33.0,0.0,,,
AMR,Americas,El Salvador,2009,0.017,0.0,21.0,0.0,,,
AMR,Americas,El Salvador,2010,0.014,0.0,17.0,0.0,,,
AMR,Americas,El Salvador,2011,0.006,0.0,7.0,0.0,,,
AMR,Americas,El Salvador,2012,0.01,0.0,13.0,0.0,,,
AMR,Americas,El Salvador,2013,0.005,0.0,6.0,0.0,,,
AMR,Americas,El Salvador,2014,0.005,0.0,6.0,0.0,,,
AMR,Americas,El Salvador,2015,0.004,0.0,5.0,0.0,5.0,,5
AMR,Americas,El Salvador,2016,0.01,0.0,12.0,0.0,12.0,,12
AMR,Americas,El Salvador,2017,0.0,0.0,0.0,0.0,0.0,0,0
AMR,Americas,El Salvador,2018,0.0,0.0,0.0,0.0,0.0,0,0
AMR,Americas,El Salvador,2019,0.0,0.0,0.0,0.0,0.0,0,0
AMR,Americas,El Salvador,2020,0.0,0.0,0.0,0.0,0.0,0,0
AMR,Americas,El Salvador,2021,0.0,0.0,0.0,0.0,0.0,0,0
AMR,Americas,El Salvador,2022,0.0,0.0,0.0,0.0,0.0,0,0
AMR,Americas,El Salvador,2023,0.0,0.0,0.0,0.0,0.0,0,0
AMR,Americas,El Salvador,2024,0.0,0.0,0.0,0.0,0.0,0,0
AMR,Americas,French Guiana,2000,49.83,0.0,4428.0,0.0,,,
AMR,Americas,French Guiana,2001,48.84,3.22,4554.0,3.0,,,
AMR,Americas,French Guiana,2002,44.47,2.05,4348.0,2.0,,,
AMR,Americas,French Guiana,2003,44.33,4.88,4540.0,5.0,,,
AMR,Americas,French Guiana,2004,33.41,0.93,3580.0,1.0,,,
AMR,Americas,French Guiana,2005,35.85,1.79,4015.0,2.0,,,
AMR,Americas,French Guiana,2006,41.09,4.28,4796.0,5.0,,,
AMR,Americas,French Guiana,2007,46.58,4.12,5647.0,5.0,,,
AMR,Americas,French Guiana,2008,31.05,1.6,3884.0,2.0,,,
AMR,Americas,French Guiana,2009,31.74,0.78,4051.0,1.0,,,
AMR,Americas,French Guiana,2010,16.12,0.77,2092.0,1.0,,,
AMR,Americas,French Guiana,2011,10.66,1.51,1413.0,2.0,,,
AMR,Americas,French Guiana,2012,7.75,1.47,1054.0,2.0,,,
AMR,Americas,French Guiana,2013,7.32,2.14,1025.0,3.0,,,
AMR,Americas,French Guiana,2014,3.75,0.0,541.0,0.0,,,
AMR,Americas,French Guiana,2015,3.13,0.0,462.0,0.0,374.0,61,194
AMR,Americas,French Guiana,2016,1.79,0.0,268.0,0.0,217.0,55,99
AMR,Americas,French Guiana,2017,4.48,0.0,685.0,0.0,554.0,62,368
AMR,Americas,French Guiana,2018,4.12,0.0,640.0,0.0,546.0,49,496
AMR,Americas,French Guiana,2019,1.57,0.0,248.0,0.0,212.0,17,193
AMR,Americas,French Guiana,2020,1.03,0.0,164.0,0.0,140.0,3,137
AMR,Americas,French Guiana,2021,0.46,0.0,74.0,0.0,74.0,1,72
AMR,Americas,French Guiana,2022,0.13,0.0,21.0,0.0,21.0,0,9
AMR,Americas,French Guiana,2023,1.13,,189.0,0.0,189.0,7,182
AMR,Americas,French Guiana,2024,1.44,0.0,246.0,0.0,246.0,0,176
AMR,Americas,Guatemala,2000,7.21,0.31,63676.0,27.0,,,
AMR,Americas,Guatemala,2001,4.72,0.2,42680.0,18.0,,,
AMR,Americas,Guatemala,2002,4.57,0.22,42213.0,20.0,,,
AMR,Americas,Guatemala,2003,3.89,0.17,36810.0,16.0,,,
AMR,Americas,Guatemala,2004,3.53,0.14,34124.0,14.0,,,
AMR,Americas,Guatemala,2005,4.73,0.2,46748.0,20.0,,,
AMR,Americas,Guatemala,2006,3.63,0.15,36610.0,15.0,,,
AMR,Americas,Guatemala,2007,1.75,0.058,17992.0,6.0,,,
AMR,Americas,Guatemala,2008,0.8,0.029,8421.0,3.0,,,
AMR,Americas,Guatemala,2009,0.77,0.028,8285.0,3.0,,,
AMR,Americas,Guatemala,2010,0.86,0.027,9468.0,3.0,,,
AMR,Americas,Guatemala,2011,0.71,0.018,7968.0,2.0,,,
AMR,Americas,Guatemala,2012,0.55,0.018,6262.0,2.0,,,
AMR,Americas,Guatemala,2013,0.63,0.017,7283.0,2.0,,,
AMR,Americas,Guatemala,2014,0.49,0.017,5766.0,2.0,,,
AMR,Americas,Guatemala,2015,0.54,0.017,6482.0,2.0,5538.0,43,5487
AMR,Americas,Guatemala,2016,0.48,0.016,5856.0,2.0,5000.0,4,4996
AMR,Americas,Guatemala,2017,0.39,0.008,4829.0,1.0,4121.0,0,4121
AMR,Americas,Guatemala,2018,0.28,0.008,3538.0,1.0,3018.0,0,3018
AMR,Americas,Guatemala,2019,0.19,0.0,2425.0,0.0,2069.0,0,2069
AMR,Americas,Guatemala,2020,0.095,0.0,1240.0,0.0,1058.0,0,1058
AMR,Americas,Guatemala,2021,0.096,0.0,1273.0,0.0,1273.0,0,1273
AMR,Americas,Guatemala,2022,0.14,0.0,1856.0,0.0,1856.0,7,1824
AMR,Americas,Guatemala,2023,0.22,0.0,3046.0,0.0,3046.0,0,3046
AMR,Americas,Guatemala,2024,0.21,0.0,2925.0,0.0,2925.0,0,2905
AMR,Americas,Guyana,2000,43.97,6.54,33628.0,50.0,,,
AMR,Americas,Guyana,2001,49.67,6.8,37974.0,52.0,,,
AMR,Americas,Guyana,2002,40.14,5.5,30656.0,42.0,,,
AMR,Americas,Guyana,2003,50.69,6.95,38681.0,53.0,,,
AMR,Americas,Guyana,2004,53.01,6.69,40416.0,51.0,,,
AMR,Americas,Guyana,2005,71.73,9.07,54583.0,69.0,,,
AMR,Americas,Guyana,2006,36.4,5.27,27629.0,40.0,,,
AMR,Americas,Guyana,2007,20.74,2.64,15697.0,20.0,,,
AMR,Americas,Guyana,2008,21.69,3.05,16365.0,23.0,,,
AMR,Americas,Guyana,2009,23.77,3.59,17877.0,27.0,,,
AMR,Americas,Guyana,2010,39.55,6.94,29631.0,52.0,,,
AMR,Americas,Guyana,2011,52.08,9.65,38863.0,72.0,,,
AMR,Americas,Guyana,2012,58.38,10.18,43572.0,76.0,,,
AMR,Americas,Guyana,2013,76.61,12.0,57459.0,90.0,,,
AMR,Americas,Guyana,2014,29.58,3.58,22310.0,27.0,,,
AMR,Americas,Guyana,2015,23.76,2.9,18030.0,22.0,9984.0,3219,6002
AMR,Americas,Guyana,2016,25.3,3.14,19317.0,24.0,10697.0,3576,6081
AMR,Americas,Guyana,2017,32.75,4.42,25167.0,34.0,13936.0,5141,7645
AMR,Americas,Guyana,2018,38.87,4.93,30769.0,39.0,17038.0,6033,9854
AMR,Americas,Guyana,2019,32.25,3.71,26050.0,30.0,18642.0,5676,11 838
AMR,Americas,Guyana,2020,27.36,3.1,22093.0,25.0,17179.0,5544,10 889
AMR,Americas,Guyana,2021,31.53,3.31,25713.0,27.0,20786.0,5982,13 913
AMR,Americas,Guyana,2022,32.23,3.77,26478.0,31.0,20730.0,6850,13 067
AMR,Americas,Guyana,2023,42.66,5.08,35255.0,42.0,28533.0,10 203,17 187
AMR,Americas,Guyana,2024,38.74,3.49,32197.0,29.0,26058.0,5606,18 791
AMR,Americas,Haiti,2000,9.71,2.48,72058.0,184.0,,,
AMR,Americas,Haiti,2001,9.71,2.48,73384.0,187.0,,,
AMR,Americas,Haiti,2002,9.71,2.48,74701.0,191.0,,,
AMR,Americas,Haiti,2003,9.71,2.48,76022.0,194.0,,,
AMR,Americas,Haiti,2004,9.71,2.47,77327.0,197.0,,,
AMR,Americas,Haiti,2005,9.71,2.48,78638.0,201.0,,,
AMR,Americas,Haiti,2006,9.86,2.51,81199.0,207.0,,,
AMR,Americas,Haiti,2007,8.75,2.23,73292.0,187.0,,,
AMR,Americas,Haiti,2008,10.52,2.69,89554.0,229.0,,,
AMR,Americas,Haiti,2009,9.71,2.48,84091.0,215.0,,,
AMR,Americas,Haiti,2010,9.71,2.48,85077.0,217.0,,,
AMR,Americas,Haiti,2011,9.2,2.35,81483.0,208.0,,,
AMR,Americas,Haiti,2012,7.29,1.86,65545.0,167.0,,,
AMR,Americas,Haiti,2013,6.85,1.75,62551.0,160.0,,,
AMR,Americas,Haiti,2014,3.57,0.91,33119.0,84.0,,,
AMR,Americas,Haiti,2015,3.42,0.87,32185.0,82.0,17583.0,17 583,
AMR,Americas,Haiti,2016,3.81,0.96,36279.0,92.0,21430.0,21 430,
AMR,Americas,Haiti,2017,3.43,0.87,33122.0,84.0,19135.0,19 135,
AMR,Americas,Haiti,2018,1.63,0.41,16000.0,40.0,8828.0,8828,
AMR,Americas,Haiti,2019,1.78,0.45,17703.0,45.0,10687.0,10 687,
AMR,Americas,Haiti,2020,3.79,0.97,38093.0,97.0,22996.0,22 996,
AMR,Americas,Haiti,2021,2.22,0.56,22546.0,57.0,9513.0,9513,
AMR,Americas,Haiti,2022,2.55,0.65,26231.0,67.0,14757.0,13 926,
AMR,Americas,Haiti,2023,2.29,0.58,23824.0,60.0,14436.0,14 436,
AMR,Americas,Haiti,2024,8.7,2.22,91461.0,234.0,38590.0,38 590,
AMR,Americas,Honduras,2000,8.64,0.39,51498.0,23.0,,,
AMR,Americas,Honduras,2001,5.78,0.25,35405.0,15.0,,,
AMR,Americas,Honduras,2002,4.02,0.18,25251.0,11.0,,,
AMR,Americas,Honduras,2003,3.21,0.14,20706.0,9.0,,,
AMR,Americas,Honduras,2004,3.83,0.18,25353.0,12.0,,,
AMR,Americas,Honduras,2005,3.46,0.16,23468.0,11.0,,,
AMR,Americas,Honduras,2006,2.48,0.12,17218.0,8.0,,,
AMR,Americas,Honduras,2007,2.11,0.099,14962.0,7.0,,,
AMR,Americas,Honduras,2008,1.62,0.083,11741.0,6.0,,,
AMR,Americas,Honduras,2009,1.74,0.11,12900.0,8.0,,,
AMR,Americas,Honduras,2010,1.76,0.092,13308.0,7.0,,,
AMR,Americas,Honduras,2011,1.33,0.065,10269.0,5.0,,,
AMR,Americas,Honduras,2012,1.1,0.051,8706.0,4.0,,,
AMR,Americas,Honduras,2013,0.9,0.062,7274.0,5.0,,,
AMR,Americas,Honduras,2014,0.56,0.037,4594.0,3.0,,,
AMR,Americas,Honduras,2015,0.58,0.048,4850.0,4.0,3555.0,902,2626
AMR,Americas,Honduras,2016,0.66,0.059,5602.0,5.0,4094.0,1310,2744
AMR,Americas,Honduras,2017,0.2,0.012,1747.0,1.0,1273.0,128,1145
AMR,Americas,Honduras,2018,0.11,0.011,949.0,1.0,632.0,55,576
AMR,Americas,Honduras,2019,0.051,0.0,455.0,0.0,330.0,11,319
AMR,Americas,Honduras,2020,0.12,0.0,1125.0,0.0,810.0,223,576
AMR,Americas,Honduras,2021,0.16,0.0,1524.0,0.0,1542.0,653,875
AMR,Americas,Honduras,2022,0.37,0.0,3534.0,0.0,3534.0,1134,2345
AMR,Americas,Honduras,2023,0.27,0.0,2589.0,0.0,2590.0,546,2021
AMR,Americas,Honduras,2024,0.23,0.0,2292.0,0.0,2292.0,165,2121
AMR,Americas,Mexico,2000,3.53,0.0,7391.0,0.0,,,
AMR,Americas,Mexico,2001,2.35,0.0,4996.0,0.0,,,
AMR,Americas,Mexico,2002,2.15,0.0,4624.0,0.0,,,
AMR,Americas,Mexico,2003,1.75,0.0,3819.0,0.0,,,
AMR,Americas,Mexico,2004,1.54,0.0,3406.0,0.0,,,
AMR,Americas,Mexico,2005,1.32,0.0,2967.0,0.0,,,
AMR,Americas,Mexico,2006,1.11,0.0,2514.0,0.0,,,
AMR,Americas,Mexico,2007,1.02,0.0,2361.0,0.0,,,
AMR,Americas,Mexico,2008,1.01,0.0,2357.0,0.0,,,
AMR,Americas,Mexico,2009,1.14,0.0,2703.0,0.0,,,
AMR,Americas,Mexico,2010,0.51,0.0,1226.0,0.0,,,
AMR,Americas,Mexico,2011,0.43,0.0,1039.0,0.0,,,
AMR,Americas,Mexico,2012,0.34,0.0,833.0,0.0,,,
AMR,Americas,Mexico,2013,0.2,0.0,495.0,0.0,,,
AMR,Americas,Mexico,2014,0.26,0.0,656.0,0.0,,,
AMR,Americas,Mexico,2015,0.2,0.0,517.0,0.0,517.0,,517
AMR,Americas,Mexico,2016,0.21,0.0,551.0,0.0,551.0,,551
AMR,Americas,Mexico,2017,0.28,0.0,736.0,0.0,736.0,,736
AMR,Americas,Mexico,2018,0.31,0.0,813.0,0.0,813.0,,813
AMR,Americas,Mexico,2019,0.23,0.0,619.0,0.0,619.0,,619
AMR,Americas,Mexico,2020,0.13,0.0,356.0,0.0,356.0,,356
AMR,Americas,Mexico,2021,0.089,0.0,242.0,0.0,242.0,,242
AMR,Americas,Mexico,2022,0.059,0.0,160.0,0.0,160.0,,159
AMR,Americas,Mexico,2023,0.016,0.0,44.0,0.0,44.0,,44
AMR,Americas,Mexico,2024,0.096,0.036,266.0,1.0,266.0,0,266
AMR,Americas,Nicaragua,2000,6.78,0.09,29953.0,4.0,,,
AMR,Americas,Nicaragua,2001,2.96,0.045,13275.0,2.0,,,
AMR,Americas,Nicaragua,2002,2.15,0.18,9745.0,8.0,,,
AMR,Americas,Nicaragua,2003,1.86,0.15,8507.0,7.0,,,
AMR,Americas,Nicaragua,2004,1.88,0.022,8735.0,1.0,,,
AMR,Americas,Nicaragua,2005,1.79,0.13,8412.0,6.0,,,
AMR,Americas,Nicaragua,2006,0.83,0.021,3943.0,1.0,,,
AMR,Americas,Nicaragua,2007,0.35,0.0,1717.0,0.0,,,
AMR,Americas,Nicaragua,2008,0.2,0.0,965.0,0.0,,,
AMR,Americas,Nicaragua,2009,0.16,0.0,772.0,0.0,,,
AMR,Americas,Nicaragua,2010,0.17,0.02,876.0,1.0,,,
AMR,Americas,Nicaragua,2011,0.23,0.02,1171.0,1.0,,,
AMR,Americas,Nicaragua,2012,0.3,0.039,1564.0,2.0,,,
AMR,Americas,Nicaragua,2013,0.28,0.0,1471.0,0.0,,,
AMR,Americas,Nicaragua,2014,0.27,0.0,1446.0,0.0,,,
AMR,Americas,Nicaragua,2015,0.53,0.018,2886.0,1.0,2279.0,338,1937
AMR,Americas,Nicaragua,2016,1.45,0.036,7943.0,2.0,6272.0,1285,4965
AMR,Americas,Nicaragua,2017,2.49,0.018,13866.0,1.0,10949.0,1836,9080
AMR,Americas,Nicaragua,2018,3.58,0.053,20158.0,3.0,15917.0,1319,14 553
AMR,Americas,Nicaragua,2019,2.93,0.018,16717.0,1.0,13200.0,2399,10 678
AMR,Americas,Nicaragua,2020,5.62,0.0,32469.0,0.0,25505.0,11 250,13 421
AMR,Americas,Nicaragua,2021,5.04,0.0,29457.0,0.0,23259.0,10 454,12 364
AMR,Americas,Nicaragua,2022,3.44,0.0,20400.0,0.0,16108.0,4935,10 960
AMR,Americas,Nicaragua,2023,1.42,0.0,8505.0,0.0,6716.0,1176,5540
AMR,Americas,Nicaragua,2024,1.04,0.0,6352.0,0.0,5016.0,566,4411
AMR,Americas,Panama,2000,0.54,0.05,1091.0,1.0,,,
AMR,Americas,Panama,2001,0.48,0.049,977.0,1.0,,,
AMR,Americas,Panama,2002,1.13,0.095,2363.0,2.0,,,
AMR,Americas,Panama,2003,2.22,0.19,4739.0,4.0,,,
AMR,Americas,Panama,2004,2.46,0.092,5365.0,2.0,,,
AMR,Americas,Panama,2005,1.74,0.045,3861.0,1.0,,,
AMR,Americas,Panama,2006,0.77,0.044,1751.0,1.0,,,
AMR,Americas,Panama,2007,0.59,0.043,1349.0,1.0,,,
AMR,Americas,Panama,2008,0.33,0.043,783.0,1.0,,,
AMR,Americas,Panama,2009,0.34,0.0,819.0,0.0,,,
AMR,Americas,Panama,2010,0.18,0.041,440.0,1.0,,,
AMR,Americas,Panama,2011,0.15,0.0,372.0,0.0,,,
AMR,Americas,Panama,2012,0.35,0.04,888.0,1.0,,,
AMR,Americas,Panama,2013,0.29,0.0,740.0,0.0,,,
AMR,Americas,Panama,2014,0.39,0.0,1005.0,0.0,,,
AMR,Americas,Panama,2015,0.22,0.0,575.0,0.0,546.0,,546
AMR,Americas,Panama,2016,0.3,0.0,809.0,0.0,769.0,21,748
AMR,Americas,Panama,2017,0.29,0.0,801.0,0.0,649.0,1,648
AMR,Americas,Panama,2018,0.28,0.0,789.0,0.0,684.0,0,684
AMR,Americas,Panama,2019,0.65,0.0,1850.0,0.0,1757.0,12,1744
AMR,Americas,Panama,2020,0.71,0.0,2051.0,0.0,1948.0,9,1937
AMR,Americas,Panama,2021,1.43,0.0,4165.0,0.0,4354.0,10,4115
AMR,Americas,Panama,2022,1.61,0.0,4746.0,0.0,4746.0,29,4714
AMR,Americas,Panama,2023,3.18,0.0,9485.0,0.0,9485.0,10,9451
AMR,Americas,Panama,2024,3.5,0.0,10600.0,0.0,10600.0,4,10 582
AMR,Americas,Paraguay,2000,37.32,0.0,6853.0,0.0,,,
AMR,Americas,Paraguay,2001,14.49,0.0,2706.0,0.0,,,
AMR,Americas,Paraguay,2002,14.65,0.0,2775.0,0.0,,,
AMR,Americas,Paraguay,2003,7.24,0.0,1388.0,0.0,,,
AMR,Americas,Paraguay,2004,3.57,0.0,692.0,0.0,,,
AMR,Americas,Paraguay,2005,1.9,0.0,373.0,0.0,,,
AMR,Americas,Paraguay,2006,4.14,0.0,820.0,0.0,,,
AMR,Americas,Paraguay,2007,6.68,0.0,1337.0,0.0,,,
AMR,Americas,Paraguay,2008,1.64,0.0,331.0,0.0,,,
AMR,Americas,Paraguay,2009,0.39,0.0,80.0,0.0,,,
AMR,Americas,Paraguay,2010,0.097,0.0,20.0,0.0,,,
AMR,Americas,Paraguay,2011,0.005,0.0,1.0,0.0,,,
AMR,Americas,Paraguay,2012,0.0,0.0,0.0,0.0,,,
AMR,Americas,Paraguay,2013,0.0,0.0,0.0,0.0,,,
AMR,Americas,Paraguay,2014,0.0,0.0,0.0,0.0,,,
AMR,Americas,Paraguay,2015,0.0,0.0,0.0,0.0,0.0,0,0
AMR,Americas,Paraguay,2016,0.0,0.0,0.0,0.0,0.0,0,0
AMR,Americas,Paraguay,2017,0.0,0.0,0.0,0.0,0.0,0,0
AMR,Americas,Paraguay,2018,0.0,0.0,0.0,0.0,0.0,0,0
AMR,Americas,Paraguay,2019,0.0,0.0,0.0,0.0,0.0,0,0
AMR,Americas,Paraguay,2020,0.0,0.0,0.0,0.0,0.0,0,0
AMR,Americas,Paraguay,2021,0.0,0.0,0.0,0.0,0.0,0,0
AMR,Americas,Paraguay,2022,0.0,0.0,0.0,0.0,0.0,0,0
AMR,Americas,Paraguay,2023,0.0,0.0,0.0,0.0,0.0,0,0
AMR,Americas,Paraguay,2024,0.0,0.0,0.0,0.0,0.0,0,0
AMR,Americas,Peru,2000,13.19,1.36,137781.0,142.0,,,
AMR,Americas,Peru,2001,9.92,0.84,105067.0,89.0,,,
AMR,Americas,Peru,2002,12.03,1.01,128960.0,108.0,,,
AMR,Americas,Peru,2003,10.32,0.88,111816.0,95.0,,,
AMR,Americas,Peru,2004,10.55,0.9,115387.0,98.0,,,
AMR,Americas,Peru,2005,9.8,0.72,108134.0,80.0,,,
AMR,Americas,Peru,2006,7.2,0.47,80054.0,52.0,,,
AMR,Americas,Peru,2007,5.59,0.38,62633.0,43.0,,,
AMR,Americas,Peru,2008,4.84,0.3,54608.0,34.0,,,
AMR,Americas,Peru,2009,4.58,0.27,52035.0,31.0,,,
AMR,Americas,Peru,2010,3.31,0.18,37847.0,20.0,,,
AMR,Americas,Peru,2011,2.69,0.17,30924.0,19.0,,,
AMR,Americas,Peru,2012,3.48,0.21,40437.0,24.0,,,
AMR,Americas,Peru,2013,5.35,0.38,62669.0,45.0,,,
AMR,Americas,Peru,2014,7.1,0.51,83936.0,60.0,,,
AMR,Americas,Peru,2015,7.26,0.59,86896.0,70.0,61865.0,12 569,49 287
AMR,Americas,Peru,2016,6.01,0.57,72836.0,69.0,56623.0,15 319,41 287
AMR,Americas,Peru,2017,5.91,0.52,72752.0,64.0,55367.0,13 173,42 044
AMR,Americas,Peru,2018,4.67,0.38,58455.0,48.0,45443.0,9438,36 005
AMR,Americas,Peru,2019,3.59,0.27,45729.0,35.0,24324.0,4716,19 605
AMR,Americas,Peru,2020,2.31,0.18,29745.0,23.0,15822.0,3198,12 624
AMR,Americas,Peru,2021,1.79,0.13,23250.0,17.0,18075.0,3584,14 490
AMR,Americas,Peru,2022,2.72,0.21,35740.0,27.0,27785.0,4171,22 514
AMR,Americas,Peru,2023,2.19,0.15,29089.0,20.0,22614.0,3481,19 074
AMR,Americas,Peru,2024,3.25,0.25,43611.0,33.0,33904.0,6136,27 756
AMR,Americas,Suriname,2000,161.4,34.09,11361.0,24.0,,,
AMR,Americas,Suriname,2001,222.7,32.0,16003.0,23.0,,,
AMR,Americas,Suriname,2002,175.0,20.45,12837.0,15.0,,,
AMR,Americas,Suriname,2003,146.8,24.07,10982.0,18.0,,,
AMR,Americas,Suriname,2004,110.4,9.22,8378.0,7.0,,,
AMR,Americas,Suriname,2005,119.0,1.3,9131.0,1.0,,,
AMR,Americas,Suriname,2006,42.42,1.29,3289.0,1.0,,,
AMR,Americas,Suriname,2007,14.08,1.28,1104.0,1.0,,,
AMR,Americas,Suriname,2008,26.29,0.0,2086.0,0.0,,,
AMR,Americas,Suriname,2009,31.13,0.0,2499.0,0.0,,,
AMR,Americas,Suriname,2010,21.8,1.23,1771.0,1.0,,,
AMR,Americas,Suriname,2011,9.68,1.22,795.0,1.0,,,
AMR,Americas,Suriname,2012,6.85,0.0,569.0,0.0,,,
AMR,Americas,Suriname,2013,6.25,1.19,525.0,1.0,,,
AMR,Americas,Suriname,2014,4.72,1.18,401.0,1.0,,,
AMR,Americas,Suriname,2015,0.94,0.0,81.0,0.0,81.0,17,61
AMR,Americas,Suriname,2016,0.9,0.0,78.0,0.0,78.0,6,69
AMR,Americas,Suriname,2017,1.56,1.14,137.0,1.0,137.0,33,99
AMR,Americas,Suriname,2018,0.34,0.0,30.0,0.0,37.0,5,12
AMR,Americas,Suriname,2019,1.16,0.0,104.0,0.0,104.0,0,104
AMR,Americas,Suriname,2020,1.63,0.0,147.0,0.0,147.0,0,147
AMR,Americas,Suriname,2021,0.24,0.0,22.0,0.0,22.0,0,22
AMR,Americas,Suriname,2022,0.0,0.0,0.0,0.0,0.0,0,0
AMR,Americas,Suriname,2023,0.0,0.0,0.0,0.0,0.0,0,0
AMR,Americas,Suriname,2024,0.0,0.0,0.0,0.0,0.0,0,0
AMR,Americas,Venezuela,2000,2.9,0.21,,,,,
AMR,Americas,Venezuela,2001,1.91,0.22,,,,,
AMR,Americas,Venezuela,2002,2.75,0.18,,,,,
AMR,Americas,Venezuela,2003,2.9,0.31,,,,,
AMR,Americas,Venezuela,2004,4.17,0.27,,,,,
AMR,Americas,Venezuela,2005,3.96,0.25,,,,,
AMR,Americas,Venezuela,2006,3.21,0.24,,,,,
AMR,Americas,Venezuela,2007,3.53,0.27,,,,,
AMR,Americas,Venezuela,2008,2.67,0.19,,,,,
AMR,Americas,Venezuela,2009,2.95,0.25,,,,,
AMR,Americas,Venezuela,2010,4.02,0.37,,,,,
AMR,Americas,Venezuela,2011,3.67,0.32,,,,,
AMR,Americas,Venezuela,2012,4.19,0.38,,,,,
AMR,Americas,Venezuela,2013,6.16,0.7,,,,,
AMR,Americas,Venezuela,2014,7.02,0.73,,,,,
AMR,Americas,Venezuela,2015,10.44,0.98,,,,,
AMR,Americas,Venezuela,2016,18.32,1.7,,,,,
AMR,Americas,Venezuela,2017,31.56,2.77,,,,,
AMR,Americas,Venezuela,2018,31.86,2.5,,,,,
AMR,Americas,Venezuela,2019,32.26,2.42,,,,,
AMR,Americas,Venezuela,2020,15.68,1.38,,,,,
AMR,Americas,Venezuela,2021,14.48,1.1,,,,,
AMR,Americas,Venezuela,2022,10.92,0.89,,,,,
AMR,Americas,Venezuela,2023,9.53,0.83,,,,,
AMR,Americas,Venezuela,2024,7.79,0.81,,,,,
AMR,Americas,Venezuela (Bolivarian Republic of),2000,,,35517.0,26.0,,,
AMR,Americas,Venezuela (Bolivarian Republic of),2001,,,23834.0,28.0,,,
AMR,Americas,Venezuela (Bolivarian Republic of),2002,,,35029.0,23.0,,,
AMR,Americas,Venezuela (Bolivarian Republic of),2003,,,37510.0,40.0,,,
AMR,Americas,Venezuela (Bolivarian Republic of),2004,,,54984.0,35.0,,,
AMR,Americas,Venezuela (Bolivarian Republic of),2005,,,52979.0,34.0,,,
AMR,Americas,Venezuela (Bolivarian Republic of),2006,,,43638.0,33.0,,,
AMR,Americas,Venezuela (Bolivarian Republic of),2007,,,48834.0,37.0,,,
AMR,Americas,Venezuela (Bolivarian Republic of),2008,,,37482.0,26.0,,,
AMR,Americas,Venezuela (Bolivarian Republic of),2009,,,41927.0,36.0,,,
AMR,Americas,Venezuela (Bolivarian Republic of),2010,,,57905.0,53.0,,,
AMR,Americas,Venezuela (Bolivarian Republic of),2011,,,53565.0,47.0,,,
AMR,Americas,Venezuela (Bolivarian Republic of),2012,,,61858.0,56.0,,,
AMR,Americas,Venezuela (Bolivarian Republic of),2013,,,92182.0,105.0,,,
AMR,Americas,Venezuela (Bolivarian Republic of),2014,,,106118.0,110.0,,,
AMR,Americas,Venezuela (Bolivarian Republic of),2015,,,159668.0,150.0,136402.0,24 018,100 880
AMR,Americas,Venezuela (Bolivarian Republic of),2016,,,281817.0,261.0,240613.0,46 503,179 554
AMR,Americas,Venezuela (Bolivarian Republic of),2017,,,482323.0,424.0,411586.0,69 076,316 401
AMR,Americas,Venezuela (Bolivarian Republic of),2018,,,474766.0,373.0,404924.0,71 504,307 622
AMR,Americas,Venezuela (Bolivarian Republic of),2019,,,466830.0,350.0,398285.0,64 307,308 132
AMR,Americas,Venezuela (Bolivarian Republic of),2020,,,223067.0,196.0,190314.0,33 887,151 783
AMR,Americas,Venezuela (Bolivarian Republic of),2021,,,204424.0,155.0,174409.0,23 428,143 287
AMR,Americas,Venezuela (Bolivarian Republic of),2022,,,154089.0,125.0,124545.0,20 114,99 309
AMR,Americas,Venezuela (Bolivarian Republic of),2023,,,134811.0,118.0,108945.0,21 630,80 917
AMR,Americas,Venezuela (Bolivarian Republic of),2024,,,110613.0,115.0,86361.0,21 191,59 671
EMR,Eastern Mediterranean,Afghanistan,2000,84.48,6.21,1312939.0,965.0,,,
EMR,Eastern Mediterranean,Afghanistan,2001,83.83,6.16,1312939.0,965.0,,,
EMR,Eastern Mediterranean,Afghanistan,2002,83.79,6.86,1382972.0,1133.0,,,
EMR,Eastern Mediterranean,Afghanistan,2003,70.81,4.55,1242906.0,798.0,,,
EMR,Eastern Mediterranean,Afghanistan,2004,39.41,1.92,716954.0,350.0,,,
EMR,Eastern Mediterranean,Afghanistan,2005,28.42,1.37,535477.0,259.0,,,
EMR,Eastern Mediterranean,Afghanistan,2006,21.31,1.13,418216.0,222.0,,,
EMR,Eastern Mediterranean,Afghanistan,2007,22.63,1.18,452626.0,236.0,,,
EMR,Eastern Mediterranean,Afghanistan,2008,19.71,0.97,402909.0,198.0,,,
EMR,Eastern Mediterranean,Afghanistan,2009,12.97,0.66,274981.0,139.0,,,
EMR,Eastern Mediterranean,Afghanistan,2010,13.37,0.76,292015.0,165.0,,,
EMR,Eastern Mediterranean,Afghanistan,2011,15.99,0.85,362319.0,192.0,,,
EMR,Eastern Mediterranean,Afghanistan,2012,9.35,0.39,220653.0,92.0,,,
EMR,Eastern Mediterranean,Afghanistan,2013,11.45,0.53,279634.0,129.0,,,
EMR,Eastern Mediterranean,Afghanistan,2014,12.61,0.6,319142.0,152.0,,,
EMR,Eastern Mediterranean,Afghanistan,2015,14.1,0.67,368235.0,174.0,119859.0,4004,82 891
EMR,Eastern Mediterranean,Afghanistan,2016,27.37,1.31,733205.0,351.0,241233.0,6369,132 407
EMR,Eastern Mediterranean,Afghanistan,2017,28.99,1.37,798871.0,378.0,313086.0,6907,154 468
EMR,Eastern Mediterranean,Afghanistan,2018,22.33,1.03,633500.0,292.0,248689.0,6437,166 583
EMR,Eastern Mediterranean,Afghanistan,2019,14.15,0.58,413480.0,170.0,173860.0,2701,170 747
EMR,Eastern Mediterranean,Afghanistan,2020,8.39,0.36,253150.0,110.0,105295.0,2691,102 316
EMR,Eastern Mediterranean,Afghanistan,2021,6.26,0.29,193232.0,91.0,86263.0,3921,82 094
EMR,Eastern Mediterranean,Afghanistan,2022,9.19,0.42,287835.0,131.0,125620.0,4462,120 785
EMR,Eastern Mediterranean,Afghanistan,2023,13.26,0.63,424307.0,202.0,180045.0,7946,171 523
EMR,Eastern Mediterranean,Afghanistan,2024,17.76,0.82,584876.0,270.0,257524.0,9725,247 100
EMR,Eastern Mediterranean,Djibouti,2000,3.07,0.71,1722.0,4.0,,,
EMR,Eastern Mediterranean,Djibouti,2001,3.07,0.69,1777.0,4.0,,,
EMR,Eastern Mediterranean,Djibouti,2002,3.07,0.67,1833.0,4.0,,,
EMR,Eastern Mediterranean,Djibouti,2003,3.07,0.66,1874.0,4.0,,,
EMR,Eastern Mediterranean,Djibouti,2004,3.07,0.65,1903.0,4.0,,,
EMR,Eastern Mediterranean,Djibouti,2005,3.07,0.64,1933.0,4.0,,,
EMR,Eastern Mediterranean,Djibouti,2006,3.07,4.52,1972.0,29.0,,,
EMR,Eastern Mediterranean,Djibouti,2007,3.07,0.76,2015.0,5.0,,,
EMR,Eastern Mediterranean,Djibouti,2008,3.07,0.75,2057.0,5.0,,,
EMR,Eastern Mediterranean,Djibouti,2009,3.93,0.88,2686.0,6.0,,,
EMR,Eastern Mediterranean,Djibouti,2010,1.45,0.29,1010.0,2.0,,,
EMR,Eastern Mediterranean,Djibouti,2011,3.07,0.7,2185.0,5.0,,,
EMR,Eastern Mediterranean,Djibouti,2012,3.07,0.69,2227.0,5.0,,,
EMR,Eastern Mediterranean,Djibouti,2013,2.28,2.3,1684.0,17.0,,,
EMR,Eastern Mediterranean,Djibouti,2014,12.55,3.72,9439.0,28.0,,,
EMR,Eastern Mediterranean,Djibouti,2015,12.38,3.14,9473.0,24.0,9473.0,9473,
EMR,Eastern Mediterranean,Djibouti,2016,17.76,3.86,13822.0,30.0,13822.0,11 781,2041
EMR,Eastern Mediterranean,Djibouti,2017,18.72,3.29,14810.0,26.0,14810.0,9290,5381
EMR,Eastern Mediterranean,Djibouti,2018,30.91,5.35,24845.0,43.0,25319.0,16 130,9189
EMR,Eastern Mediterranean,Djibouti,2019,60.51,11.88,49402.0,97.0,49402.0,36 025,13 377
EMR,Eastern Mediterranean,Djibouti,2020,88.72,15.56,73535.0,129.0,73535.0,46 537,26 998
EMR,Eastern Mediterranean,Djibouti,2021,70.07,14.03,58916.0,118.0,58916.0,44 385,14 531
EMR,Eastern Mediterranean,Djibouti,2022,47.67,9.5,40648.0,81.0,40648.0,30 346,9858
EMR,Eastern Mediterranean,Djibouti,2023,45.04,9.25,38944.0,80.0,38944.0,29 728,8620
EMR,Eastern Mediterranean,Djibouti,2024,45.09,8.21,39523.0,72.0,39523.0,25 592,12 595
EMR,Eastern Mediterranean,Egypt,2000,0.0,0.0,0.0,0.0,,,
EMR,Eastern Mediterranean,Egypt,2001,0.0,0.0,0.0,0.0,,,
EMR,Eastern Mediterranean,Egypt,2002,0.0,0.0,0.0,0.0,,,
EMR,Eastern Mediterranean,Egypt,2003,0.0,0.0,0.0,0.0,,,
EMR,Eastern Mediterranean,Egypt,2004,0.0,0.0,0.0,0.0,,,
EMR,Eastern Mediterranean,Egypt,2005,0.0,0.0,0.0,0.0,,,
EMR,Eastern Mediterranean,Egypt,2006,0.0,0.0,0.0,0.0,,,
EMR,Eastern Mediterranean,Egypt,2007,0.0,0.0,0.0,0.0,,,
EMR,Eastern Mediterranean,Egypt,2008,0.0,0.0,0.0,0.0,,,
EMR,Eastern Mediterranean,Egypt,2009,0.0,0.0,0.0,0.0,,,
EMR,Eastern Mediterranean,Egypt,2010,0.0,0.0,0.0,0.0,,,
EMR,Eastern Mediterranean,Egypt,2011,0.0,0.0,0.0,0.0,,,
EMR,Eastern Mediterranean,Egypt,2012,0.0,0.0,0.0,0.0,,,
EMR,Eastern Mediterranean,Egypt,2013,0.0,0.0,0.0,0.0,,,
EMR,Eastern Mediterranean,Egypt,2014,0.0,0.0,0.0,0.0,,,
EMR,Eastern Mediterranean,Egypt,2015,0.0,0.0,0.0,0.0,,,
EMR,Eastern Mediterranean,Egypt,2016,0.0,0.0,0.0,0.0,,,
EMR,Eastern Mediterranean,Egypt,2017,0.0,0.0,0.0,0.0,,,
EMR,Eastern Mediterranean,Egypt,2018,0.0,0.0,0.0,0.0,,,
EMR,Eastern Mediterranean,Egypt,2019,0.0,0.0,0.0,0.0,,,
EMR,Eastern Mediterranean,Egypt,2020,0.0,0.0,0.0,0.0,,,
EMR,Eastern Mediterranean,Egypt,2021,0.0,0.0,0.0,0.0,,,
EMR,Eastern Mediterranean,Egypt,2022,0.0,0.0,0.0,0.0,,,
EMR,Eastern Mediterranean,Egypt,2023,0.0,0.0,0.0,0.0,,,
EMR,Eastern Mediterranean,Egypt,2024,0.0,0.0,0.0,0.0,,,
EMR,Eastern Mediterranean,Iran,2000,29.07,0.59,,,,,
EMR,Eastern Mediterranean,Iran,2001,28.03,0.29,,,,,
EMR,Eastern Mediterranean,Iran,2002,22.41,0.29,,,,,
EMR,Eastern Mediterranean,Iran,2003,33.56,0.71,,,,,
EMR,Eastern Mediterranean,Iran,2004,19.27,0.14,,,,,
EMR,Eastern Mediterranean,Iran,2005,25.86,0.14,,,,,
EMR,Eastern Mediterranean,Iran,2006,21.23,0.13,,,,,
EMR,Eastern Mediterranean,Iran,2007,20.63,0.39,,,,,
EMR,Eastern Mediterranean,Iran,2008,10.83,0.39,,,,,
EMR,Eastern Mediterranean,Iran,2009,5.57,0.0,,,,,
EMR,Eastern Mediterranean,Iran,2010,2.34,0.0,,,,,
EMR,Eastern Mediterranean,Iran,2011,2.04,0.0,,,,,
EMR,Eastern Mediterranean,Iran,2012,0.93,0.0,,,,,
EMR,Eastern Mediterranean,Iran,2013,0.58,0.0,,,,,
EMR,Eastern Mediterranean,Iran,2014,0.43,0.0,,,,,
EMR,Eastern Mediterranean,Iran,2015,0.2,0.0,,,,,
EMR,Eastern Mediterranean,Iran,2016,0.095,0.0,,,,,
EMR,Eastern Mediterranean,Iran,2017,0.066,0.0,,,,,
EMR,Eastern Mediterranean,Iran,2018,0.0,0.0,,,,,
EMR,Eastern Mediterranean,Iran,2019,0.0,0.0,,,,,
EMR,Eastern Mediterranean,Iran,2020,0.0,0.0,,,,,
EMR,Eastern Mediterranean,Iran,2021,0.0,0.0,,,,,
EMR,Eastern Mediterranean,Iran,2022,1.57,0.0,,,,,
EMR,Eastern Mediterranean,Iran,2023,2.73,0.0,,,,,
EMR,Eastern Mediterranean,Iran,2024,2.18,0.0,,,,,
EMR,Eastern Mediterranean,Iran (Islamic Republic of),2000,,,19716.0,4.0,,,
EMR,Eastern Mediterranean,Iran (Islamic Republic of),2001,,,19303.0,2.0,,,
EMR,Eastern Mediterranean,Iran (Islamic Republic of),2002,,,15558.0,2.0,,,
EMR,Eastern Mediterranean,Iran (Islamic Republic of),2003,,,23562.0,5.0,,,
EMR,Eastern Mediterranean,Iran (Islamic Republic of),2004,,,13821.0,1.0,,,
EMR,Eastern Mediterranean,Iran (Islamic Republic of),2005,,,18966.0,1.0,,,
EMR,Eastern Mediterranean,Iran (Islamic Republic of),2006,,,15909.0,1.0,,,
EMR,Eastern Mediterranean,Iran (Islamic Republic of),2007,,,15712.0,3.0,,,
EMR,Eastern Mediterranean,Iran (Islamic Republic of),2008,,,8349.0,3.0,,,
EMR,Eastern Mediterranean,Iran (Islamic Republic of),2009,,,4345.0,0.0,,,
EMR,Eastern Mediterranean,Iran (Islamic Republic of),2010,,,1847.0,0.0,,,
EMR,Eastern Mediterranean,Iran (Islamic Republic of),2011,,,1632.0,0.0,,,
EMR,Eastern Mediterranean,Iran (Islamic Republic of),2012,,,756.0,0.0,,,
EMR,Eastern Mediterranean,Iran (Islamic Republic of),2013,,,480.0,0.0,,,
EMR,Eastern Mediterranean,Iran (Islamic Republic of),2014,,,358.0,0.0,,,
EMR,Eastern Mediterranean,Iran (Islamic Republic of),2015,,,167.0,0.0,167.0,8,157
EMR,Eastern Mediterranean,Iran (Islamic Republic of),2016,,,81.0,0.0,81.0,0,79
EMR,Eastern Mediterranean,Iran (Islamic Republic of),2017,,,57.0,0.0,57.0,2,55
EMR,Eastern Mediterranean,Iran (Islamic Republic of),2018,,,0.0,0.0,0.0,0,0
EMR,Eastern Mediterranean,Iran (Islamic Republic of),2019,,,0.0,0.0,0.0,0,0
EMR,Eastern Mediterranean,Iran (Islamic Republic of),2020,,,0.0,0.0,0.0,0,0
EMR,Eastern Mediterranean,Iran (Islamic Republic of),2021,,,0.0,0.0,0.0,0,0
EMR,Eastern Mediterranean,Iran (Islamic Republic of),2022,,,1439.0,0.0,1439.0,197,1218
EMR,Eastern Mediterranean,Iran (Islamic Republic of),2023,,,2528.0,0.0,2528.0,805,1666
EMR,Eastern Mediterranean,Iran (Islamic Republic of),2024,,,2034.0,0.0,2034.0,537,1469
EMR,Eastern Mediterranean,Iraq,2000,0.59,,1860.0,0.0,,,
EMR,Eastern Mediterranean,Iraq,2001,0.39,,1265.0,0.0,,,
EMR,Eastern Mediterranean,Iraq,2002,0.28,,952.0,0.0,,,
EMR,Eastern Mediterranean,Iraq,2003,0.1,,347.0,0.0,,,
EMR,Eastern Mediterranean,Iraq,2004,0.043,,155.0,0.0,,,
EMR,Eastern Mediterranean,Iraq,2005,0.013,0.0,47.0,0.0,,,
EMR,Eastern Mediterranean,Iraq,2006,0.006,0.0,24.0,0.0,,,
EMR,Eastern Mediterranean,Iraq,2007,0.0005,0.0,2.0,0.0,,,
EMR,Eastern Mediterranean,Iraq,2008,0.0005,0.0,2.0,0.0,,,
EMR,Eastern Mediterranean,Iraq,2009,0.0,0.0,0.0,0.0,,,
EMR,Eastern Mediterranean,Iraq,2010,0.0,0.0,0.0,0.0,,,
EMR,Eastern Mediterranean,Iraq,2011,0.0,0.0,0.0,0.0,,,
EMR,Eastern Mediterranean,Iraq,2012,0.0,0.0,0.0,0.0,,,
EMR,Eastern Mediterranean,Iraq,2013,0.0,0.0,0.0,0.0,,,
EMR,Eastern Mediterranean,Iraq,2014,0.0,0.0,0.0,0.0,,,
EMR,Eastern Mediterranean,Iraq,2015,0.0,0.0,0.0,0.0,,,
EMR,Eastern Mediterranean,Iraq,2016,0.001,0.0,5.0,0.0,,,
EMR,Eastern Mediterranean,Iraq,2017,0.0,0.0,0.0,0.0,,,
EMR,Eastern Mediterranean,Iraq,2018,0.0,0.0,0.0,0.0,,,
EMR,Eastern Mediterranean,Iraq,2019,0.0,0.0,0.0,0.0,,,
EMR,Eastern Mediterranean,Iraq,2020,0.0,0.0,0.0,0.0,,,
EMR,Eastern Mediterranean,Iraq,2021,0.0,0.0,0.0,0.0,,,
EMR,Eastern Mediterranean,Iraq,2022,0.0,0.0,0.0,0.0,,,
EMR,Eastern Mediterranean,Iraq,2023,0.0,0.0,0.0,0.0,,,
EMR,Eastern Mediterranean,Iraq,2024,0.0,0.0,0.0,0.0,,,
EMR,Eastern Mediterranean,Morocco,2000,0.0001,,3.0,0.0,,,
EMR,Eastern Mediterranean,Morocco,2001,0.0,0.0,0.0,0.0,,,
EMR,Eastern Mediterranean,Morocco,2002,0.0007,,19.0,0.0,,,
EMR,Eastern Mediterranean,Morocco,2003,0.0001,,4.0,0.0,,,
EMR,Eastern Mediterranean,Morocco,2004,0.0,,1.0,0.0,,,
EMR,Eastern Mediterranean,Morocco,2005,0.0,0.0,0.0,0.0,,,
EMR,Eastern Mediterranean,Morocco,2006,0.0,0.0,0.0,0.0,,,
EMR,Eastern Mediterranean,Morocco,2007,0.0,0.0,0.0,0.0,,,
EMR,Eastern Mediterranean,Morocco,2008,0.0,0.0,0.0,0.0,,,
EMR,Eastern Mediterranean,Morocco,2009,0.0,0.0,0.0,0.0,,,
EMR,Eastern Mediterranean,Morocco,2010,0.0,0.0,0.0,0.0,,,
EMR,Eastern Mediterranean,Morocco,2011,0.0,0.0,0.0,0.0,,,
EMR,Eastern Mediterranean,Morocco,2012,0.0,0.0,0.0,0.0,,,
EMR,Eastern Mediterranean,Morocco,2013,0.0,0.0,0.0,0.0,,,
EMR,Eastern Mediterranean,Morocco,2014,0.0,0.0,0.0,0.0,,,
EMR,Eastern Mediterranean,Morocco,2015,0.0,0.0,0.0,0.0,,,
EMR,Eastern Mediterranean,Morocco,2016,0.0,0.0,0.0,0.0,,,
EMR,Eastern Mediterranean,Morocco,2017,0.0,0.0,0.0,0.0,,,
EMR,Eastern Mediterranean,Morocco,2018,0.0,0.0,0.0,0.0,,,
EMR,Eastern Mediterranean,Morocco,2019,0.0,0.0,0.0,0.0,,,
EMR,Eastern Mediterranean,Morocco,2020,0.0,0.0,0.0,0.0,,,
EMR,Eastern Mediterranean,Morocco,2021,0.0,0.0,0.0,0.0,,,
EMR,Eastern Mediterranean,Morocco,2022,0.0,0.0,0.0,0.0,,,
EMR,Eastern Mediterranean,Morocco,2023,0.0,0.0,0.0,0.0,,,
EMR,Eastern Mediterranean,Morocco,2024,0.0,0.0,0.0,0.0,,,
EMR,Eastern Mediterranean,Oman,2000,0.003,,6.0,0.0,,,
EMR,Eastern Mediterranean,Oman,2001,0.0009,,2.0,0.0,,,
EMR,Eastern Mediterranean,Oman,2002,0.003,,6.0,0.0,,,
EMR,Eastern Mediterranean,Oman,2003,0.003,,6.0,0.0,,,
EMR,Eastern Mediterranean,Oman,2004,0.0,0.0,0.0,0.0,,,
EMR,Eastern Mediterranean,Oman,2005,0.0,0.0,0.0,0.0,,,
EMR,Eastern Mediterranean,Oman,2006,0.0,0.0,0.0,0.0,,,
EMR,Eastern Mediterranean,Oman,2007,0.002,0.0,4.0,0.0,,,
EMR,Eastern Mediterranean,Oman,2008,0.0,0.0,0.0,0.0,,,
EMR,Eastern Mediterranean,Oman,2009,0.0,0.0,0.0,0.0,,,
EMR,Eastern Mediterranean,Oman,2010,0.0,0.0,0.0,0.0,,,
EMR,Eastern Mediterranean,Oman,2011,0.0,0.0,0.0,0.0,,,
EMR,Eastern Mediterranean,Oman,2012,0.0,0.0,0.0,0.0,,,
EMR,Eastern Mediterranean,Oman,2013,0.0,0.0,0.0,0.0,,,
EMR,Eastern Mediterranean,Oman,2014,0.0,0.0,0.0,0.0,,,
EMR,Eastern Mediterranean,Oman,2015,0.0,0.0,0.0,0.0,,,
EMR,Eastern Mediterranean,Oman,2016,0.0,0.0,0.0,0.0,,,
EMR,Eastern Mediterranean,Oman,2017,0.0,0.0,0.0,0.0,,,
EMR,Eastern Mediterranean,Oman,2018,0.0,0.0,0.0,0.0,,,
EMR,Eastern Mediterranean,Oman,2019,0.0,0.0,0.0,0.0,,,
EMR,Eastern Mediterranean,Oman,2020,0.0,0.0,0.0,0.0,,,
EMR,Eastern Mediterranean,Oman,2021,0.0,0.0,0.0,0.0,,,
EMR,Eastern Mediterranean,Oman,2022,0.0,0.0,0.0,0.0,,,
EMR,Eastern Mediterranean,Oman,2023,0.0,0.0,0.0,0.0,,,
EMR,Eastern Mediterranean,Oman,2024,0.0,0.0,0.0,0.0,,,
EMR,Eastern Mediterranean,Pakistan,2000,6.08,0.65,926494.0,992.0,,,
EMR,Eastern Mediterranean,Pakistan,2001,6.63,0.73,1037774.0,1144.0,,,
EMR,Eastern Mediterranean,Pakistan,2002,6.02,0.62,966325.0,1001.0,,,
EMR,Eastern Mediterranean,Pakistan,2003,5.63,0.6,924733.0,991.0,,,
EMR,Eastern Mediterranean,Pakistan,2004,4.06,0.38,683580.0,643.0,,,
EMR,Eastern Mediterranean,Pakistan,2005,4.9,0.54,845170.0,923.0,,,
EMR,Eastern Mediterranean,Pakistan,2006,4.82,0.5,851104.0,882.0,,,
EMR,Eastern Mediterranean,Pakistan,2007,4.61,0.48,835398.0,879.0,,,
EMR,Eastern Mediterranean,Pakistan,2008,4.1,0.36,763800.0,679.0,,,
EMR,Eastern Mediterranean,Pakistan,2009,5.32,0.52,1015691.0,1000.0,,,
EMR,Eastern Mediterranean,Pakistan,2010,7.38,0.83,1445704.0,1616.0,,,
EMR,Eastern Mediterranean,Pakistan,2011,9.52,0.91,1905938.0,1814.0,,,
EMR,Eastern Mediterranean,Pakistan,2012,8.09,0.83,1652576.0,1703.0,,,
EMR,Eastern Mediterranean,Pakistan,2013,6.66,0.56,1381009.0,1165.0,,,
EMR,Eastern Mediterranean,Pakistan,2014,4.72,0.34,994600.0,725.0,,,
EMR,Eastern Mediterranean,Pakistan,2015,4.68,0.36,1000339.0,765.0,203859.0,28 311,167 460
EMR,Eastern Mediterranean,Pakistan,2016,4.7,0.39,1017237.0,844.0,329005.0,43 821,260 477
EMR,Eastern Mediterranean,Pakistan,2017,3.74,0.29,819944.0,641.0,369817.0,54 407,300 623
EMR,Eastern Mediterranean,Pakistan,2018,3.16,0.23,705529.0,511.0,374510.0,55 639,314 572
EMR,Eastern Mediterranean,Pakistan,2019,2.82,0.24,640475.0,544.0,413533.0,87 169,323 355
EMR,Eastern Mediterranean,Pakistan,2020,2.35,0.2,542938.0,454.0,371828.0,74 899,293 077
EMR,Eastern Mediterranean,Pakistan,2021,2.15,0.2,505836.0,460.0,399097.0,94 543,301 169
EMR,Eastern Mediterranean,Pakistan,2022,11.08,1.27,2655514.0,3051.0,1824396.0,584 943,1 178 058
EMR,Eastern Mediterranean,Pakistan,2023,17.61,2.04,4284621.0,4956.0,2743659.0,881 339,1 761 637
EMR,Eastern Mediterranean,Pakistan,2024,12.77,1.23,3154909.0,3037.0,2105015.0,539 553,1 538 641
EMR,Eastern Mediterranean,Saudi Arabia,2000,3.81,,6608.0,0.0,,,
EMR,Eastern Mediterranean,Saudi Arabia,2001,1.68,0.0,3074.0,0.0,,,
EMR,Eastern Mediterranean,Saudi Arabia,2002,1.36,0.0,2612.0,0.0,,,
EMR,Eastern Mediterranean,Saudi Arabia,2003,0.86,0.0,1724.0,0.0,,,
EMR,Eastern Mediterranean,Saudi Arabia,2004,0.58,0.0,1232.0,0.0,,,
EMR,Eastern Mediterranean,Saudi Arabia,2005,0.48,0.0,1059.0,0.0,,,
EMR,Eastern Mediterranean,Saudi Arabia,2006,0.56,0.0,1278.0,0.0,,,
EMR,Eastern Mediterranean,Saudi Arabia,2007,0.19,0.0,467.0,0.0,,,
EMR,Eastern Mediterranean,Saudi Arabia,2008,0.024,0.0,61.0,0.0,,,
EMR,Eastern Mediterranean,Saudi Arabia,2009,0.022,0.0,58.0,0.0,,,
EMR,Eastern Mediterranean,Saudi Arabia,2010,0.011,0.0,29.0,0.0,,,
EMR,Eastern Mediterranean,Saudi Arabia,2011,0.025,0.0,69.0,0.0,,,
EMR,Eastern Mediterranean,Saudi Arabia,2012,0.028,0.0,82.0,0.0,,,
EMR,Eastern Mediterranean,Saudi Arabia,2013,0.011,0.0,34.0,0.0,,,
EMR,Eastern Mediterranean,Saudi Arabia,2014,0.01,0.0,30.0,0.0,,,
EMR,Eastern Mediterranean,Saudi Arabia,2015,0.026,0.0,83.0,0.0,83.0,83,
EMR,Eastern Mediterranean,Saudi Arabia,2016,0.083,0.0,272.0,0.0,272.0,270,2
EMR,Eastern Mediterranean,Saudi Arabia,2017,0.054,0.0,177.0,0.0,177.0,172,5
EMR,Eastern Mediterranean,Saudi Arabia,2018,0.019,0.0,61.0,0.0,61.0,57,4
EMR,Eastern Mediterranean,Saudi Arabia,2019,0.012,0.0,38.0,0.0,38.0,38,
EMR,Eastern Mediterranean,Saudi Arabia,2020,0.025,0.0,83.0,0.0,83.0,83,
EMR,Eastern Mediterranean,Saudi Arabia,2021,0.0,0.0,0.0,0.0,0.0,0,0
EMR,Eastern Mediterranean,Saudi Arabia,2022,0.0,0.0,0.0,0.0,0.0,0,0
EMR,Eastern Mediterranean,Saudi Arabia,2023,0.0,0.0,0.0,0.0,0.0,0,0
EMR,Eastern Mediterranean,Saudi Arabia,2024,0.0,0.0,0.0,0.0,0.0,0,0
EMR,Eastern Mediterranean,Somalia,2000,133.1,34.08,1176864.0,3012.0,,,
EMR,Eastern Mediterranean,Somalia,2001,141.0,36.1,1297310.0,3321.0,,,
EMR,Eastern Mediterranean,Somalia,2002,133.4,34.14,1273736.0,3260.0,,,
EMR,Eastern Mediterranean,Somalia,2003,132.2,33.84,1309916.0,3353.0,,,
EMR,Eastern Mediterranean,Somalia,2004,120.7,30.9,1241167.0,3177.0,,,
EMR,Eastern Mediterranean,Somalia,2005,131.7,33.7,1401390.0,3587.0,,,
EMR,Eastern Mediterranean,Somalia,2006,119.0,30.46,1306012.0,3343.0,,,
EMR,Eastern Mediterranean,Somalia,2007,95.9,24.54,1085874.0,2779.0,,,
EMR,Eastern Mediterranean,Somalia,2008,60.03,15.36,700155.0,1792.0,,,
EMR,Eastern Mediterranean,Somalia,2009,38.1,9.75,455683.0,1166.0,,,
EMR,Eastern Mediterranean,Somalia,2010,41.12,10.52,504146.0,1290.0,,,
EMR,Eastern Mediterranean,Somalia,2011,33.62,8.6,415188.0,1062.0,,,
EMR,Eastern Mediterranean,Somalia,2012,34.13,8.73,425283.0,1088.0,,,
EMR,Eastern Mediterranean,Somalia,2013,40.43,10.34,520274.0,1331.0,,,
EMR,Eastern Mediterranean,Somalia,2014,46.61,11.93,621798.0,1591.0,,,
EMR,Eastern Mediterranean,Somalia,2015,55.22,14.13,762356.0,1951.0,20953.0,,
EMR,Eastern Mediterranean,Somalia,2016,55.25,14.14,792745.0,2029.0,35628.0,,
EMR,Eastern Mediterranean,Somalia,2017,54.91,14.05,819074.0,2096.0,35138.0,2657,825
EMR,Eastern Mediterranean,Somalia,2018,56.16,14.37,867813.0,2221.0,31021.0,,
EMR,Eastern Mediterranean,Somalia,2019,56.65,14.5,908129.0,2324.0,39687.0,36 766,2921
EMR,Eastern Mediterranean,Somalia,2020,56.5,14.46,940793.0,2408.0,27333.0,,
EMR,Eastern Mediterranean,Somalia,2021,55.35,14.17,955984.0,2447.0,12967.0,10 919,2048
EMR,Eastern Mediterranean,Somalia,2022,54.67,13.99,973282.0,2491.0,11550.0,10 788,762
EMR,Eastern Mediterranean,Somalia,2023,54.37,13.92,998249.0,2555.0,13598.0,13 437,161
EMR,Eastern Mediterranean,Somalia,2024,53.28,13.64,1012760.0,2592.0,32983.0,32 553,330
EMR,Eastern Mediterranean,Sudan,2000,89.72,22.97,2495740.0,6389.0,,,
EMR,Eastern Mediterranean,Sudan,2001,83.54,21.38,2382352.0,6098.0,,,
EMR,Eastern Mediterranean,Sudan,2002,65.5,16.77,1914527.0,4901.0,,,
EMR,Eastern Mediterranean,Sudan,2003,60.42,15.47,1806443.0,4624.0,,,
EMR,Eastern Mediterranean,Sudan,2004,54.28,13.89,1658470.0,4245.0,,,
EMR,Eastern Mediterranean,Sudan,2005,53.25,13.63,1664615.0,4261.0,,,
EMR,Eastern Mediterranean,Sudan,2006,52.2,13.36,1670134.0,4275.0,,,
EMR,Eastern Mediterranean,Sudan,2007,45.08,11.54,1477070.0,3781.0,,,
EMR,Eastern Mediterranean,Sudan,2008,37.18,9.52,1250162.0,3200.0,,,
EMR,Eastern Mediterranean,Sudan,2009,34.3,8.78,1185878.0,3035.0,,,
EMR,Eastern Mediterranean,Sudan,2010,32.39,8.29,1147070.0,2936.0,,,
EMR,Eastern Mediterranean,Sudan,2011,32.03,8.2,1157720.0,2963.0,,,
EMR,Eastern Mediterranean,Sudan,2012,32.33,8.27,1193740.0,3055.0,,,
EMR,Eastern Mediterranean,Sudan,2013,33.7,8.62,1273369.0,3259.0,,,
EMR,Eastern Mediterranean,Sudan,2014,37.1,9.5,1440432.0,3687.0,,,
EMR,Eastern Mediterranean,Sudan,2015,43.25,11.07,1731028.0,4431.0,586827.0,,
EMR,Eastern Mediterranean,Sudan,2016,50.43,12.91,2080899.0,5327.0,566015.0,333 009,82 175
EMR,Eastern Mediterranean,Sudan,2017,56.38,14.43,2408332.0,6165.0,800116.0,580 145,58 335
EMR,Eastern Mediterranean,Sudan,2018,59.35,15.19,2625245.0,6720.0,1648683.0,1 286 915,143 314
EMR,Eastern Mediterranean,Sudan,2019,63.16,16.17,2877034.0,7365.0,1752011.0,1 363 507,194 904
EMR,Eastern Mediterranean,Sudan,2020,65.76,16.83,3076729.0,7876.0,1698394.0,1 272 738,170 202
EMR,Eastern Mediterranean,Sudan,2021,70.36,18.01,3382106.0,8658.0,1647744.0,1 182 363,175 590
EMR,Eastern Mediterranean,Sudan,2022,72.02,18.44,3556777.0,9105.0,1355789.0,1 091 532,124 730
EMR,Eastern Mediterranean,Sudan,2023,97.57,24.98,4882840.0,12500.0,354412.0,262 698,39 616
EMR,Eastern Mediterranean,Sudan,2024,98.25,25.15,4956698.0,12689.0,556471.0,402 193,54 954
EMR,Eastern Mediterranean,Syrian Arab Republic,2000,0.0004,,6.0,0.0,,,
EMR,Eastern Mediterranean,Syrian Arab Republic,2001,0.004,,63.0,0.0,,,
EMR,Eastern Mediterranean,Syrian Arab Republic,2002,0.0009,,15.0,0.0,,,
EMR,Eastern Mediterranean,Syrian Arab Republic,2003,0.0001,,2.0,0.0,,,
EMR,Eastern Mediterranean,Syrian Arab Republic,2004,0.0001,,1.0,0.0,,,
EMR,Eastern Mediterranean,Syrian Arab Republic,2005,0.0,0.0,0.0,0.0,,,
EMR,Eastern Mediterranean,Syrian Arab Republic,2006,0.0,0.0,0.0,0.0,,,
EMR,Eastern Mediterranean,Syrian Arab Republic,2007,0.0,0.0,0.0,0.0,,,
EMR,Eastern Mediterranean,Syrian Arab Republic,2008,0.0,0.0,0.0,0.0,,,
EMR,Eastern Mediterranean,Syrian Arab Republic,2009,0.0,0.0,0.0,0.0,,,
EMR,Eastern Mediterranean,Syrian Arab Republic,2010,0.0,0.0,0.0,0.0,,,
EMR,Eastern Mediterranean,Syrian Arab Republic,2011,0.0,0.0,0.0,0.0,,,
EMR,Eastern Mediterranean,Syrian Arab Republic,2012,0.0,0.0,0.0,0.0,,,
EMR,Eastern Mediterranean,Syrian Arab Republic,2013,0.0,0.0,0.0,0.0,,,
EMR,Eastern Mediterranean,Syrian Arab Republic,2014,0.0,0.0,0.0,0.0,,,
EMR,Eastern Mediterranean,Syrian Arab Republic,2015,0.0,0.0,0.0,0.0,,,
EMR,Eastern Mediterranean,Syrian Arab Republic,2016,0.0,0.0,0.0,0.0,,,
EMR,Eastern Mediterranean,Syrian Arab Republic,2017,0.0,0.0,0.0,0.0,,,
EMR,Eastern Mediterranean,Syrian Arab Republic,2018,0.0,0.0,0.0,0.0,,,
EMR,Eastern Mediterranean,Syrian Arab Republic,2019,0.0,0.0,0.0,0.0,,,
EMR,Eastern Mediterranean,Syrian Arab Republic,2020,0.0,0.0,0.0,0.0,,,
EMR,Eastern Mediterranean,Syrian Arab Republic,2021,0.0,0.0,0.0,0.0,,,
EMR,Eastern Mediterranean,Syrian Arab Republic,2022,0.0,0.0,0.0,0.0,,,
EMR,Eastern Mediterranean,Syrian Arab Republic,2023,0.0,0.0,0.0,0.0,,,
EMR,Eastern Mediterranean,Syrian Arab Republic,2024,0.0,0.0,0.0,0.0,,,
EMR,Eastern Mediterranean,United Arab Emirates,2000,,,0.0,0.0,,,
EMR,Eastern Mediterranean,United Arab Emirates,2001,,,0.0,0.0,,,
EMR,Eastern Mediterranean,United Arab Emirates,2002,,,0.0,0.0,,,
EMR,Eastern Mediterranean,United Arab Emirates,2003,,,0.0,0.0,,,
EMR,Eastern Mediterranean,United Arab Emirates,2004,,,0.0,0.0,,,
EMR,Eastern Mediterranean,United Arab Emirates,2005,,,0.0,0.0,,,
EMR,Eastern Mediterranean,United Arab Emirates,2006,,,0.0,0.0,,,
EMR,Eastern Mediterranean,United Arab Emirates,2007,,,0.0,0.0,,,
EMR,Eastern Mediterranean,United Arab Emirates,2008,,,0.0,0.0,,,
EMR,Eastern Mediterranean,United Arab Emirates,2009,,,0.0,0.0,,,
EMR,Eastern Mediterranean,United Arab Emirates,2010,,,0.0,0.0,,,
EMR,Eastern Mediterranean,United Arab Emirates,2011,,,0.0,0.0,,,
EMR,Eastern Mediterranean,United Arab Emirates,2012,0.0,0.0,0.0,0.0,,,
EMR,Eastern Mediterranean,United Arab Emirates,2013,0.0,0.0,0.0,0.0,,,
EMR,Eastern Mediterranean,United Arab Emirates,2014,0.0,0.0,0.0,0.0,,,
EMR,Eastern Mediterranean,United Arab Emirates,2015,0.0,0.0,0.0,0.0,,,
EMR,Eastern Mediterranean,United Arab Emirates,2016,0.0,0.0,0.0,0.0,,,
EMR,Eastern Mediterranean,United Arab Emirates,2017,0.0,0.0,0.0,0.0,,,
EMR,Eastern Mediterranean,United Arab Emirates,2018,0.0,0.0,0.0,0.0,,,
EMR,Eastern Mediterranean,United Arab Emirates,2019,0.0,0.0,0.0,0.0,,,
EMR,Eastern Mediterranean,United Arab Emirates,2020,0.0,0.0,0.0,0.0,,,
EMR,Eastern Mediterranean,United Arab Emirates,2021,0.0,0.0,0.0,0.0,,,
EMR,Eastern Mediterranean,United Arab Emirates,2022,0.0,0.0,0.0,0.0,,,
EMR,Eastern Mediterranean,United Arab Emirates,2023,0.0,0.0,0.0,0.0,,,
EMR,Eastern Mediterranean,United Arab Emirates,2024,0.0,0.0,0.0,0.0,,,
EMR,Eastern Mediterranean,Yemen,2000,83.3,20.85,1052131.0,2633.0,,,
EMR,Eastern Mediterranean,Yemen,2001,90.34,22.61,1176056.0,2944.0,,,
EMR,Eastern Mediterranean,Yemen,2002,97.49,24.48,1307377.0,3283.0,,,
EMR,Eastern Mediterranean,Yemen,2003,86.06,21.46,1188478.0,2964.0,,,
EMR,Eastern Mediterranean,Yemen,2004,67.24,16.81,956179.0,2391.0,,,
EMR,Eastern Mediterranean,Yemen,2005,68.36,17.01,1002795.0,2495.0,,,
EMR,Eastern Mediterranean,Yemen,2006,79.31,19.98,1201845.0,3027.0,,,
EMR,Eastern Mediterranean,Yemen,2007,54.46,13.53,852425.0,2117.0,,,
EMR,Eastern Mediterranean,Yemen,2008,33.4,8.42,539905.0,1361.0,,,
EMR,Eastern Mediterranean,Yemen,2009,42.07,10.66,702010.0,1779.0,,,
EMR,Eastern Mediterranean,Yemen,2010,65.73,16.64,1131912.0,2866.0,,,
EMR,Eastern Mediterranean,Yemen,2011,44.65,11.35,792771.0,2015.0,,,
EMR,Eastern Mediterranean,Yemen,2012,47.04,12.0,860962.0,2197.0,,,
EMR,Eastern Mediterranean,Yemen,2013,37.12,9.47,700432.0,1786.0,,,
EMR,Eastern Mediterranean,Yemen,2014,30.42,7.76,591805.0,1510.0,,,
EMR,Eastern Mediterranean,Yemen,2015,26.02,6.63,521856.0,1330.0,76259.0,75 898,334
EMR,Eastern Mediterranean,Yemen,2016,32.76,8.33,677058.0,1721.0,99700.0,45 469,347
EMR,Eastern Mediterranean,Yemen,2017,36.22,9.14,771431.0,1947.0,143333.0,109 849,1833
EMR,Eastern Mediterranean,Yemen,2018,41.35,10.5,907055.0,2304.0,157900.0,112 823,970
EMR,Eastern Mediterranean,Yemen,2019,38.66,9.8,873605.0,2215.0,165899.0,163 941,1802
EMR,Eastern Mediterranean,Yemen,2020,36.48,9.25,848385.0,2152.0,164066.0,162 318,1684
EMR,Eastern Mediterranean,Yemen,2021,44.26,11.09,1057919.0,2652.0,180339.0,173 922,4343
EMR,Eastern Mediterranean,Yemen,2022,39.04,9.76,960462.0,2402.0,155127.0,150 404,4134
EMR,Eastern Mediterranean,Yemen,2023,38.86,9.76,985137.0,2474.0,146265.0,142 433,3235
EMR,Eastern Mediterranean,Yemen,2024,52.17,13.04,1362711.0,3406.0,210859.0,201 966,5662
EUR,Europe,Armenia,2000,0.045,0.0,141.0,0.0,,,
EUR,Europe,Armenia,2001,0.026,0.0,79.0,0.0,,,
EUR,Europe,Armenia,2002,0.017,0.0,52.0,0.0,,,
EUR,Europe,Armenia,2003,0.01,0.0,29.0,0.0,,,
EUR,Europe,Armenia,2004,0.016,0.0,47.0,0.0,,,
EUR,Europe,Armenia,2005,0.002,0.0,7.0,0.0,,,
EUR,Europe,Armenia,2006,0.0,0.0,0.0,0.0,,,
EUR,Europe,Armenia,2007,0.0,0.0,0.0,0.0,,,
EUR,Europe,Armenia,2008,0.0,0.0,0.0,0.0,,,
EUR,Europe,Armenia,2009,0.0,0.0,0.0,0.0,,,
EUR,Europe,Armenia,2010,0.0,0.0,0.0,0.0,,,
EUR,Europe,Armenia,2011,0.0,0.0,0.0,0.0,,,
EUR,Europe,Armenia,2012,0.0,0.0,0.0,0.0,,,
EUR,Europe,Armenia,2013,0.0,0.0,0.0,0.0,,,
EUR,Europe,Armenia,2014,0.0,0.0,0.0,0.0,,,
EUR,Europe,Armenia,2015,0.0,0.0,0.0,0.0,0.0,0,0
EUR,Europe,Armenia,2016,0.0,0.0,0.0,0.0,0.0,0,0
EUR,Europe,Armenia,2017,0.0,0.0,0.0,0.0,0.0,0,0
EUR,Europe,Armenia,2018,0.0,0.0,0.0,0.0,0.0,0,0
EUR,Europe,Armenia,2019,0.0,0.0,0.0,0.0,0.0,0,0
EUR,Europe,Armenia,2020,0.0,0.0,0.0,0.0,0.0,0,0
EUR,Europe,Armenia,2021,,,0.0,0.0,,,
EUR,Europe,Armenia,2022,0.0,0.0,0.0,0.0,0.0,0,0
EUR,Europe,Armenia,2023,0.0,0.0,0.0,0.0,0.0,0,0
EUR,Europe,Armenia,2024,0.0,0.0,0.0,0.0,0.0,0,0
EUR,Europe,Azerbaijan,2000,8.12,0.0,1526.0,0.0,,,
EUR,Europe,Azerbaijan,2001,5.55,0.0,1054.0,0.0,,,
EUR,Europe,Azerbaijan,2002,2.64,0.0,505.0,0.0,,,
EUR,Europe,Azerbaijan,2003,2.48,0.0,480.0,0.0,,,
EUR,Europe,Azerbaijan,2004,1.98,0.0,386.0,0.0,,,
EUR,Europe,Azerbaijan,2005,1.22,0.0,242.0,0.0,,,
EUR,Europe,Azerbaijan,2006,0.7,0.0,141.0,0.0,,,
EUR,Europe,Azerbaijan,2007,0.53,0.0,108.0,0.0,,,
EUR,Europe,Azerbaijan,2008,0.35,0.0,72.0,0.0,,,
EUR,Europe,Azerbaijan,2009,0.37,0.0,78.0,0.0,,,
EUR,Europe,Azerbaijan,2010,0.24,0.0,50.0,0.0,,,
EUR,Europe,Azerbaijan,2011,0.019,0.0,4.0,0.0,,,
EUR,Europe,Azerbaijan,2012,0.014,0.0,3.0,0.0,,,
EUR,Europe,Azerbaijan,2013,0.0,0.0,0.0,0.0,,,
EUR,Europe,Azerbaijan,2014,0.0,0.0,0.0,0.0,,,
EUR,Europe,Azerbaijan,2015,0.0,0.0,0.0,0.0,0.0,0,0
EUR,Europe,Azerbaijan,2016,0.0,0.0,0.0,0.0,0.0,0,0
EUR,Europe,Azerbaijan,2017,0.0,0.0,0.0,0.0,0.0,0,0
EUR,Europe,Azerbaijan,2018,0.0,0.0,0.0,0.0,0.0,0,0
EUR,Europe,Azerbaijan,2019,0.0,0.0,0.0,0.0,0.0,0,0
EUR,Europe,Azerbaijan,2020,0.0,0.0,0.0,0.0,0.0,0,0
EUR,Europe,Azerbaijan,2021,0.0,0.0,0.0,0.0,0.0,0,0
EUR,Europe,Azerbaijan,2022,0.0,0.0,0.0,0.0,0.0,0,0
EUR,Europe,Azerbaijan,2023,0.0,0.0,0.0,0.0,,,
EUR,Europe,Azerbaijan,2024,0.0,0.0,0.0,0.0,0.0,0,0
EUR,Europe,Georgia,2000,5.66,0.0,245.0,0.0,,,
EUR,Europe,Georgia,2001,10.4,0.0,438.0,0.0,,,
EUR,Europe,Georgia,2002,11.48,0.0,474.0,0.0,,,
EUR,Europe,Georgia,2003,7.73,0.0,316.0,0.0,,,
EUR,Europe,Georgia,2004,6.34,0.0,257.0,0.0,,,
EUR,Europe,Georgia,2005,3.85,0.0,155.0,0.0,,,
EUR,Europe,Georgia,2006,1.48,0.0,59.0,0.0,,,
EUR,Europe,Georgia,2007,0.6,0.0,24.0,0.0,,,
EUR,Europe,Georgia,2008,0.15,0.0,6.0,0.0,,,
EUR,Europe,Georgia,2009,0.026,0.0,1.0,0.0,,,
EUR,Europe,Georgia,2010,0.0,0.0,0.0,0.0,,,
EUR,Europe,Georgia,2011,0.0,0.0,0.0,0.0,,,
EUR,Europe,Georgia,2012,0.0,0.0,0.0,0.0,,,
EUR,Europe,Georgia,2013,0.0,0.0,0.0,0.0,,,
EUR,Europe,Georgia,2014,0.0,0.0,0.0,0.0,,,
EUR,Europe,Georgia,2015,0.0,0.0,0.0,0.0,0.0,0,0
EUR,Europe,Georgia,2016,0.0,0.0,0.0,0.0,0.0,0,0
EUR,Europe,Georgia,2017,0.0,0.0,0.0,0.0,0.0,0,0
EUR,Europe,Georgia,2018,0.0,0.0,0.0,0.0,0.0,0,0
EUR,Europe,Georgia,2019,0.0,0.0,0.0,0.0,0.0,0,0
EUR,Europe,Georgia,2020,0.0,0.0,0.0,0.0,0.0,0,0
EUR,Europe,Georgia,2021,,,0.0,0.0,,,
EUR,Europe,Georgia,2022,,,0.0,0.0,,,
EUR,Europe,Georgia,2023,0.0,0.0,0.0,0.0,0.0,0,0
EUR,Europe,Georgia,2024,0.0,0.0,0.0,0.0,0.0,0,0
EUR,Europe,Kazakhstan,2000,,,0.0,0.0,,,
EUR,Europe,Kazakhstan,2001,,,0.0,0.0,,,
EUR,Europe,Kazakhstan,2002,,,0.0,0.0,,,
EUR,Europe,Kazakhstan,2003,,,0.0,0.0,,,
EUR,Europe,Kazakhstan,2004,,,0.0,0.0,,,
EUR,Europe,Kazakhstan,2005,,,0.0,0.0,,,
EUR,Europe,Kazakhstan,2006,,,0.0,0.0,,,
EUR,Europe,Kazakhstan,2007,,,0.0,0.0,,,
EUR,Europe,Kazakhstan,2008,,,0.0,0.0,,,
EUR,Europe,Kazakhstan,2009,,,0.0,0.0,,,
EUR,Europe,Kazakhstan,2010,0.0,0.0,0.0,0.0,,,
EUR,Europe,Kazakhstan,2011,0.0,0.0,0.0,0.0,,,
EUR,Europe,Kazakhstan,2012,0.0,0.0,0.0,0.0,,,
EUR,Europe,Kazakhstan,2013,0.0,0.0,0.0,0.0,,,
EUR,Europe,Kazakhstan,2014,0.0,0.0,0.0,0.0,,,
EUR,Europe,Kazakhstan,2015,0.0,0.0,0.0,0.0,0.0,0,0
EUR,Europe,Kazakhstan,2016,0.0,0.0,0.0,0.0,0.0,0,0
EUR,Europe,Kazakhstan,2017,0.0,0.0,0.0,0.0,0.0,0,0
EUR,Europe,Kazakhstan,2018,0.0,0.0,0.0,0.0,0.0,0,0
EUR,Europe,Kazakhstan,2019,0.0,0.0,0.0,0.0,0.0,0,0
EUR,Europe,Kazakhstan,2020,,,0.0,0.0,0.0,0,0
EUR,Europe,Kazakhstan,2021,,,0.0,0.0,0.0,,
EUR,Europe,Kazakhstan,2022,,,0.0,0.0,,,
EUR,Europe,Kazakhstan,2023,,,0.0,0.0,,,
EUR,Europe,Kazakhstan,2024,0.0,0.0,0.0,0.0,0.0,0,0
EUR,Europe,Kyrgyzstan,2000,0.002,0.0,7.0,0.0,,,
EUR,Europe,Kyrgyzstan,2001,0.004,0.0,15.0,0.0,,,
EUR,Europe,Kyrgyzstan,2002,0.68,0.0,2725.0,0.0,,,
EUR,Europe,Kyrgyzstan,2003,0.11,0.0,461.0,0.0,,,
EUR,Europe,Kyrgyzstan,2004,0.022,0.0,91.0,0.0,,,
EUR,Europe,Kyrgyzstan,2005,0.055,0.0,225.0,0.0,,,
EUR,Europe,Kyrgyzstan,2006,0.077,0.0,318.0,0.0,,,
EUR,Europe,Kyrgyzstan,2007,0.023,0.0,96.0,0.0,,,
EUR,Europe,Kyrgyzstan,2008,0.004,0.0,18.0,0.0,,,
EUR,Europe,Kyrgyzstan,2009,0.0002,0.0,1.0,0.0,,,
EUR,Europe,Kyrgyzstan,2010,0.0007,0.0,3.0,0.0,,,
EUR,Europe,Kyrgyzstan,2011,0.0,0.0,0.0,0.0,,,
EUR,Europe,Kyrgyzstan,2012,0.0,0.0,0.0,0.0,,,
EUR,Europe,Kyrgyzstan,2013,0.0,0.0,0.0,0.0,,,
EUR,Europe,Kyrgyzstan,2014,0.0,0.0,0.0,0.0,,,
EUR,Europe,Kyrgyzstan,2015,0.0,0.0,0.0,0.0,0.0,0,0
EUR,Europe,Kyrgyzstan,2016,0.0,0.0,0.0,0.0,0.0,0,0
EUR,Europe,Kyrgyzstan,2017,0.0,0.0,0.0,0.0,0.0,0,0
EUR,Europe,Kyrgyzstan,2018,0.0,0.0,0.0,0.0,0.0,0,0
EUR,Europe,Kyrgyzstan,2019,0.0,0.0,0.0,0.0,0.0,0,0
EUR,Europe,Kyrgyzstan,2020,0.0,0.0,0.0,0.0,0.0,0,0
EUR,Europe,Kyrgyzstan,2021,,,0.0,0.0,,,
EUR,Europe,Kyrgyzstan,2022,,,0.0,0.0,,,
EUR,Europe,Kyrgyzstan,2023,,,0.0,0.0,,,
EUR,Europe,Kyrgyzstan,2024,0.0,0.0,0.0,0.0,0.0,0,0
EUR,Europe,Tajikistan,2000,9.08,0.0,19064.0,0.0,,,
EUR,Europe,Tajikistan,2001,5.32,0.0,11387.0,0.0,,,
EUR,Europe,Tajikistan,2002,2.82,0.0,6160.0,0.0,,,
EUR,Europe,Tajikistan,2003,2.44,0.0,5428.0,0.0,,,
EUR,Europe,Tajikistan,2004,1.58,0.0,3588.0,0.0,,,
EUR,Europe,Tajikistan,2005,1.0,0.0,2309.0,0.0,,,
EUR,Europe,Tajikistan,2006,0.57,0.0,1344.0,0.0,,,
EUR,Europe,Tajikistan,2007,0.26,0.0,635.0,0.0,,,
EUR,Europe,Tajikistan,2008,0.13,0.0,318.0,0.0,,,
EUR,Europe,Tajikistan,2009,0.066,0.0,164.0,0.0,,,
EUR,Europe,Tajikistan,2010,0.043,0.0,111.0,0.0,,,
EUR,Europe,Tajikistan,2011,0.025,0.0,65.0,0.0,,,
EUR,Europe,Tajikistan,2012,0.01,0.0,28.0,0.0,,,
EUR,Europe,Tajikistan,2013,0.001,0.0,4.0,0.0,,,
EUR,Europe,Tajikistan,2014,0.0007,0.0,2.0,0.0,,,
EUR,Europe,Tajikistan,2015,0.0,0.0,0.0,0.0,0.0,0,0
EUR,Europe,Tajikistan,2016,0.0,0.0,0.0,0.0,0.0,0,0
EUR,Europe,Tajikistan,2017,0.0,0.0,0.0,0.0,0.0,0,0
EUR,Europe,Tajikistan,2018,0.0,0.0,0.0,0.0,0.0,0,0
EUR,Europe,Tajikistan,2019,0.0,0.0,0.0,0.0,0.0,0,0
EUR,Europe,Tajikistan,2020,0.0,0.0,0.0,0.0,0.0,0,0
EUR,Europe,Tajikistan,2021,0.0,0.0,0.0,0.0,0.0,0,0
EUR,Europe,Tajikistan,2022,0.0,0.0,0.0,0.0,0.0,0,0
EUR,Europe,Tajikistan,2023,0.0,0.0,0.0,0.0,0.0,0,0
EUR,Europe,Tajikistan,2024,0.0,0.0,0.0,0.0,0.0,0,0
EUR,Europe,Turkey,2000,2.69,0.0,,,,,
EUR,Europe,Turkey,2001,2.51,0.0,,,,,
EUR,Europe,Turkey,2002,2.35,0.0,,,,,
EUR,Europe,Turkey,2003,2.09,0.0,,,,,
EUR,Europe,Turkey,2004,1.19,0.0,,,,,
EUR,Europe,Turkey,2005,0.46,0.0,,,,,
EUR,Europe,Turkey,2006,0.17,0.0,,,,,
EUR,Europe,Turkey,2007,0.068,0.0,,,,,
EUR,Europe,Turkey,2008,0.036,0.0,,,,,
EUR,Europe,Turkey,2009,0.008,0.0,,,,,
EUR,Europe,Turkey,2010,0.0,0.0,,,,,
EUR,Europe,Turkey,2011,0.0,0.0,,,,,
EUR,Europe,Turkey,2012,0.0,0.0,,,,,
EUR,Europe,Turkey,2013,0.0,0.0,,,,,
EUR,Europe,Turkey,2014,0.0,0.0,,,,,
EUR,Europe,Turkey,2015,0.0,0.0,,,,,
EUR,Europe,Turkey,2016,0.0,0.0,,,,,
EUR,Europe,Turkey,2017,0.0,0.0,,,,,
EUR,Europe,Turkey,2018,0.0,0.0,,,,,
EUR,Europe,Turkey,2019,0.0,0.0,,,,,
EUR,Europe,Turkey,2020,0.0,0.0,,,,,
EUR,Europe,Turkmenistan,2000,0.081,0.0,24.0,0.0,,,
EUR,Europe,Turkmenistan,2001,0.026,0.0,8.0,0.0,,,
EUR,Europe,Turkmenistan,2002,0.058,0.0,18.0,0.0,,,
EUR,Europe,Turkmenistan,2003,0.022,0.0,7.0,0.0,,,
EUR,Europe,Turkmenistan,2004,0.009,0.0,3.0,0.0,,,
EUR,Europe,Turkmenistan,2005,0.003,0.0,1.0,0.0,,,
EUR,Europe,Turkmenistan,2006,0.003,0.0,1.0,0.0,,,
EUR,Europe,Turkmenistan,2007,0.0,0.0,0.0,0.0,,,
EUR,Europe,Turkmenistan,2008,0.0,0.0,0.0,0.0,,,
EUR,Europe,Turkmenistan,2009,0.0,0.0,0.0,0.0,,,
EUR,Europe,Turkmenistan,2010,0.0,0.0,0.0,0.0,,,
EUR,Europe,Turkmenistan,2011,0.0,0.0,0.0,0.0,,,
EUR,Europe,Turkmenistan,2012,0.0,0.0,0.0,0.0,,,
EUR,Europe,Turkmenistan,2013,0.0,0.0,0.0,0.0,,,
EUR,Europe,Turkmenistan,2014,0.0,0.0,0.0,0.0,,,
EUR,Europe,Turkmenistan,2015,0.0,0.0,0.0,0.0,0.0,0,0
EUR,Europe,Turkmenistan,2016,0.0,0.0,0.0,0.0,0.0,0,0
EUR,Europe,Turkmenistan,2017,0.0,0.0,0.0,0.0,0.0,0,0
EUR,Europe,Turkmenistan,2018,0.0,0.0,0.0,0.0,0.0,0,0
EUR,Europe,Turkmenistan,2019,0.0,0.0,0.0,0.0,0.0,0,0
EUR,Europe,Turkmenistan,2020,0.0,0.0,0.0,0.0,0.0,0,0
EUR,Europe,Turkmenistan,2021,,,0.0,0.0,,,
EUR,Europe,Turkmenistan,2022,,,0.0,0.0,,,
EUR,Europe,Turkmenistan,2023,,,0.0,0.0,,,
EUR,Europe,Turkmenistan,2024,0.0,0.0,0.0,0.0,0.0,0,0
EUR,Europe,Türkiye,2000,,,11432.0,0.0,,,
EUR,Europe,Türkiye,2001,,,10812.0,0.0,,,
EUR,Europe,Türkiye,2002,,,10224.0,0.0,,,
EUR,Europe,Türkiye,2003,,,9222.0,0.0,,,
EUR,Europe,Türkiye,2004,,,5302.0,0.0,,,
EUR,Europe,Türkiye,2005,,,2084.0,0.0,,,
EUR,Europe,Türkiye,2006,,,796.0,0.0,,,
EUR,Europe,Türkiye,2007,,,313.0,0.0,,,
EUR,Europe,Türkiye,2008,,,166.0,0.0,,,
EUR,Europe,Türkiye,2009,,,38.0,0.0,,,
EUR,Europe,Türkiye,2010,,,0.0,0.0,,,
EUR,Europe,Türkiye,2011,,,0.0,0.0,,,
EUR,Europe,Türkiye,2012,,,0.0,0.0,,,
EUR,Europe,Türkiye,2013,,,0.0,0.0,,,
EUR,Europe,Türkiye,2014,,,0.0,0.0,,,
EUR,Europe,Türkiye,2015,,,0.0,0.0,0.0,0,0
EUR,Europe,Türkiye,2016,,,0.0,0.0,0.0,0,0
EUR,Europe,Türkiye,2017,,,0.0,0.0,0.0,0,0
EUR,Europe,Türkiye,2018,,,0.0,0.0,0.0,0,0
EUR,Europe,Türkiye,2019,,,0.0,0.0,0.0,0,0
EUR,Europe,Türkiye,2020,,,0.0,0.0,0.0,0,0
EUR,Europe,Türkiye,2021,,,0.0,0.0,,,
EUR,Europe,Türkiye,2022,,,0.0,0.0,,,
EUR,Europe,Türkiye,2023,,,0.0,0.0,,,
EUR,Europe,Türkiye,2024,,,0.0,0.0,,,
EUR,Europe,Uzbekistan,2000,5.08,0.0,126.0,0.0,,,
EUR,Europe,Uzbekistan,2001,3.07,0.0,77.0,0.0,,,
EUR,Europe,Uzbekistan,2002,2.91,0.0,74.0,0.0,,,
EUR,Europe,Uzbekistan,2003,2.88,0.0,74.0,0.0,,,
EUR,Europe,Uzbekistan,2004,2.54,0.0,66.0,0.0,,,
EUR,Europe,Uzbekistan,2005,3.87,0.0,102.0,0.0,,,
EUR,Europe,Uzbekistan,2006,2.73,0.0,73.0,0.0,,,
EUR,Europe,Uzbekistan,2007,1.11,0.0,30.0,0.0,,,
EUR,Europe,Uzbekistan,2008,0.25,0.0,7.0,0.0,,,
EUR,Europe,Uzbekistan,2009,0.0,0.0,0.0,0.0,,,
EUR,Europe,Uzbekistan,2010,0.11,0.0,3.0,0.0,,,
EUR,Europe,Uzbekistan,2011,0.0,0.0,0.0,0.0,,,
EUR,Europe,Uzbekistan,2012,0.0,0.0,0.0,0.0,,,
EUR,Europe,Uzbekistan,2013,0.0,0.0,0.0,0.0,,,
EUR,Europe,Uzbekistan,2014,0.0,0.0,0.0,0.0,,,
EUR,Europe,Uzbekistan,2015,0.0,0.0,0.0,0.0,0.0,0,0
EUR,Europe,Uzbekistan,2016,0.0,0.0,0.0,0.0,0.0,0,0
EUR,Europe,Uzbekistan,2017,0.0,0.0,0.0,0.0,0.0,0,0
EUR,Europe,Uzbekistan,2018,0.0,0.0,0.0,0.0,0.0,0,0
EUR,Europe,Uzbekistan,2019,0.0,0.0,0.0,0.0,0.0,0,0
EUR,Europe,Uzbekistan,2020,0.0,0.0,0.0,0.0,0.0,0,0
EUR,Europe,Uzbekistan,2021,0.0,,0.0,0.0,,,
EUR,Europe,Uzbekistan,2022,,,0.0,0.0,,,
EUR,Europe,Uzbekistan,2023,0.0,0.0,0.0,0.0,0.0,0,0
EUR,Europe,Uzbekistan,2024,0.0,0.0,0.0,0.0,0.0,0,0
SEAR,South-East Asia,Bangladesh,2000,6.62,3.34,95942.0,484.0,,,
SEAR,South-East Asia,Bangladesh,2001,6.62,3.19,97554.0,470.0,,,
SEAR,South-East Asia,Bangladesh,2002,6.62,3.99,99072.0,598.0,,,
SEAR,South-East Asia,Bangladesh,2003,6.62,3.78,100524.0,574.0,,,
SEAR,South-East Asia,Bangladesh,2004,6.62,3.28,101902.0,505.0,,,
SEAR,South-East Asia,Bangladesh,2005,6.62,3.21,103195.0,501.0,,,
SEAR,South-East Asia,Bangladesh,2006,4.34,3.22,68539.0,508.0,,,
SEAR,South-East Asia,Bangladesh,2007,7.96,1.65,126937.0,263.0,,,
SEAR,South-East Asia,Bangladesh,2008,7.51,1.64,121043.0,264.0,,,
SEAR,South-East Asia,Bangladesh,2009,4.96,1.15,80603.0,187.0,,,
SEAR,South-East Asia,Bangladesh,2010,4.23,1.01,69307.0,166.0,,,
SEAR,South-East Asia,Bangladesh,2011,3.83,0.94,63432.0,155.0,,,
SEAR,South-East Asia,Bangladesh,2012,2.12,0.51,35375.0,85.0,,,
SEAR,South-East Asia,Bangladesh,2013,1.87,0.46,31594.0,77.0,,,
SEAR,South-East Asia,Bangladesh,2014,3.89,0.94,66274.0,160.0,,,
SEAR,South-East Asia,Bangladesh,2015,2.65,0.61,45478.0,105.0,39590.0,26 453,4000
SEAR,South-East Asia,Bangladesh,2016,1.82,0.42,31621.0,72.0,27628.0,17 269,3297
SEAR,South-East Asia,Bangladesh,2017,1.91,0.42,33331.0,73.0,29228.0,23 315,4442
SEAR,South-East Asia,Bangladesh,2018,0.7,0.15,12397.0,26.0,10482.0,8470,1672
SEAR,South-East Asia,Bangladesh,2019,1.19,0.26,21202.0,47.0,17219.0,14 752,2126
SEAR,South-East Asia,Bangladesh,2020,0.42,0.084,7545.0,15.0,6128.0,4744,1245
SEAR,South-East Asia,Bangladesh,2021,0.5,0.089,8974.0,16.0,7288.0,4992,1953
SEAR,South-East Asia,Bangladesh,2022,1.23,0.22,22451.0,41.0,18233.0,11 980,5856
SEAR,South-East Asia,Bangladesh,2023,1.1,0.17,20376.0,31.0,16548.0,8829,7499
SEAR,South-East Asia,Bangladesh,2024,0.86,0.13,16096.0,24.0,13070.0,6264,6042
SEAR,South-East Asia,Bhutan,2000,13.44,3.4,5935.0,15.0,,,
SEAR,South-East Asia,Bhutan,2001,13.23,3.1,5982.0,14.0,,,
SEAR,South-East Asia,Bhutan,2002,14.09,2.38,6511.0,11.0,,,
SEAR,South-East Asia,Bhutan,2003,8.07,2.97,3806.0,14.0,,,
SEAR,South-East Asia,Bhutan,2004,5.55,1.45,2670.0,7.0,,,
SEAR,South-East Asia,Bhutan,2005,3.73,1.02,1825.0,5.0,,,
SEAR,South-East Asia,Bhutan,2006,3.76,1.41,1868.0,7.0,,,
SEAR,South-East Asia,Bhutan,2007,1.58,0.4,793.0,2.0,,,
SEAR,South-East Asia,Bhutan,2008,0.65,0.39,329.0,2.0,,,
SEAR,South-East Asia,Bhutan,2009,2.06,0.78,1057.0,4.0,,,
SEAR,South-East Asia,Bhutan,2010,0.84,0.39,436.0,2.0,,,
SEAR,South-East Asia,Bhutan,2011,0.37,0.19,194.0,1.0,,,
SEAR,South-East Asia,Bhutan,2012,0.15,0.19,82.0,1.0,,,
SEAR,South-East Asia,Bhutan,2013,0.028,0.0,15.0,0.0,,,
SEAR,South-East Asia,Bhutan,2014,0.035,0.0,19.0,0.0,,,
SEAR,South-East Asia,Bhutan,2015,0.062,0.0,34.0,0.0,34.0,13,21
SEAR,South-East Asia,Bhutan,2016,0.027,0.0,15.0,0.0,15.0,1,13
SEAR,South-East Asia,Bhutan,2017,0.02,0.0,11.0,0.0,11.0,0,11
SEAR,South-East Asia,Bhutan,2018,0.011,0.0,6.0,0.0,6.0,1,5
SEAR,South-East Asia,Bhutan,2019,0.004,0.0,2.0,0.0,2.0,0,2
SEAR,South-East Asia,Bhutan,2020,0.039,0.0,22.0,0.0,22.0,0,22
SEAR,South-East Asia,Bhutan,2021,0.016,0.0,9.0,0.0,9.0,1,7
SEAR,South-East Asia,Bhutan,2022,0.0,0.0,0.0,0.0,0.0,0,0
SEAR,South-East Asia,Bhutan,2023,0.0,0.0,0.0,0.0,0.0,0,0
SEAR,South-East Asia,Bhutan,2024,0.0,0.0,0.0,0.0,0.0,0,0
SEAR,South-East Asia,Democratic People's Republic of Korea,2000,9.79,0.0,90582.0,0.0,,,
SEAR,South-East Asia,Democratic People's Republic of Korea,2001,12.42,0.0,115615.0,0.0,,,
SEAR,South-East Asia,Democratic People's Republic of Korea,2002,10.56,0.0,98852.0,0.0,,,
SEAR,South-East Asia,Democratic People's Republic of Korea,2003,1.76,0.0,16538.0,0.0,,,
SEAR,South-East Asia,Democratic People's Republic of Korea,2004,1.67,0.0,15827.0,0.0,,,
SEAR,South-East Asia,Democratic People's Republic of Korea,2005,0.71,0.0,6728.0,0.0,,,
SEAR,South-East Asia,Democratic People's Republic of Korea,2006,0.72,0.0,6913.0,0.0,,,
SEAR,South-East Asia,Democratic People's Republic of Korea,2007,0.5,0.0,4795.0,0.0,,,
SEAR,South-East Asia,Democratic People's Republic of Korea,2008,1.72,0.0,16611.0,0.0,,,
SEAR,South-East Asia,Democratic People's Republic of Korea,2009,1.5,0.0,14632.0,0.0,,,
SEAR,South-East Asia,Democratic People's Republic of Korea,2010,1.38,0.0,13520.0,0.0,,,
SEAR,South-East Asia,Democratic People's Republic of Korea,2011,1.71,0.0,16760.0,0.0,,,
SEAR,South-East Asia,Democratic People's Republic of Korea,2012,2.22,0.0,21850.0,0.0,,,
SEAR,South-East Asia,Democratic People's Republic of Korea,2013,1.45,0.0,14407.0,0.0,,,
SEAR,South-East Asia,Democratic People's Republic of Korea,2014,1.06,0.0,10535.0,0.0,,,
SEAR,South-East Asia,Democratic People's Republic of Korea,2015,0.7,0.0,7022.0,0.0,7022.0,0,7022
SEAR,South-East Asia,Democratic People's Republic of Korea,2016,0.5,0.0,5033.0,0.0,5033.0,0,5033
SEAR,South-East Asia,Democratic People's Republic of Korea,2017,0.46,0.0,4603.0,0.0,4603.0,0,4603
SEAR,South-East Asia,Democratic People's Republic of Korea,2018,0.36,0.0,3698.0,0.0,3698.0,0,3698
SEAR,South-East Asia,Democratic People's Republic of Korea,2019,0.18,0.0,1869.0,0.0,1869.0,0,1869
SEAR,South-East Asia,Democratic People's Republic of Korea,2020,0.18,0.0,1819.0,0.0,1819.0,0,1819
SEAR,South-East Asia,Democratic People's Republic of Korea,2021,0.23,0.0,2357.0,0.0,2357.0,0,2357
SEAR,South-East Asia,Democratic People's Republic of Korea,2022,0.21,0.0,2136.0,0.0,2136.0,0,2136
SEAR,South-East Asia,Democratic People's Republic of Korea,2023,0.31,0.0,3160.0,0.0,3160.0,0,3160
SEAR,South-East Asia,Democratic People's Republic of Korea,2024,0.51,0.0,5233.0,0.0,5233.0,,5233
SEAR,South-East Asia,India,2000,21.8,3.27,21553147.0,32354.0,,,
SEAR,South-East Asia,India,2001,21.63,3.09,21786449.0,31114.0,,,
SEAR,South-East Asia,India,2002,19.51,2.81,20011547.0,28816.0,,,
SEAR,South-East Asia,India,2003,20.28,2.79,21160827.0,29134.0,,,
SEAR,South-East Asia,India,2004,21.75,3.02,23090987.0,32106.0,,,
SEAR,South-East Asia,India,2005,22.41,3.01,24179932.0,32481.0,,,
SEAR,South-East Asia,India,2006,16.5,2.32,18085201.0,25384.0,,,
SEAR,South-East Asia,India,2007,14.9,2.16,16579536.0,24044.0,,,
SEAR,South-East Asia,India,2008,14.54,2.16,16408857.0,24413.0,,,
SEAR,South-East Asia,India,2009,13.84,2.15,15853405.0,24580.0,,,
SEAR,South-East Asia,India,2010,13.09,1.98,15211854.0,23036.0,,,
SEAR,South-East Asia,India,2011,10.54,1.56,12426642.0,18435.0,,,
SEAR,South-East Asia,India,2012,8.1,1.18,9674537.0,14099.0,,,
SEAR,South-East Asia,India,2013,6.26,0.95,7574468.0,11546.0,,,
SEAR,South-East Asia,India,2014,6.33,1.14,7764484.0,14032.0,,,
SEAR,South-East Asia,India,2015,6.44,1.18,7987645.0,14620.0,1169261.0,774 627,390 440
SEAR,South-East Asia,India,2016,6.29,1.14,7900142.0,14257.0,1087285.0,706 257,375 783
SEAR,South-East Asia,India,2017,4.61,0.8,5860560.0,10225.0,844558.0,525 637,315 028
SEAR,South-East Asia,India,2018,3.43,0.49,4411764.0,6300.0,429928.0,204 733,222 730
SEAR,South-East Asia,India,2019,2.84,0.39,3691018.0,5123.0,338494.0,154 645,181 514
SEAR,South-East Asia,India,2020,2.53,0.45,3318911.0,5874.0,186532.0,117 567,67 444
SEAR,South-East Asia,India,2021,2.5,0.44,3297335.0,5760.0,161753.0,100 442,60 187
SEAR,South-East Asia,India,2022,1.4,0.23,1861830.0,3027.0,176522.0,98 306,75 452
SEAR,South-East Asia,India,2023,1.34,0.23,1806918.0,3070.0,227564.0,134 629,89 619
SEAR,South-East Asia,India,2024,1.48,0.25,2007280.0,3431.0,246696.0,146 708,95 955
SEAR,South-East Asia,Myanmar,2000,34.4,6.96,1357510.0,2747.0,,,
SEAR,South-East Asia,Myanmar,2001,34.4,7.06,1371906.0,2814.0,,,
SEAR,South-East Asia,Myanmar,2002,34.4,6.96,1385739.0,2805.0,,,
SEAR,South-East Asia,Myanmar,2003,34.4,6.96,1398763.0,2831.0,,,
SEAR,South-East Asia,Myanmar,2004,34.4,6.96,1410800.0,2855.0,,,
SEAR,South-East Asia,Myanmar,2005,34.4,6.96,1421878.0,2878.0,,,
SEAR,South-East Asia,Myanmar,2006,24.45,4.9,1017913.0,2041.0,,,
SEAR,South-East Asia,Myanmar,2007,30.65,6.11,1285206.0,2560.0,,,
SEAR,South-East Asia,Myanmar,2008,37.33,7.64,1573810.0,3223.0,,,
SEAR,South-East Asia,Myanmar,2009,35.2,7.13,1492378.0,3024.0,,,
SEAR,South-East Asia,Myanmar,2010,35.29,8.48,1507212.0,3623.0,,,
SEAR,South-East Asia,Myanmar,2011,30.81,7.46,1326603.0,3214.0,,,
SEAR,South-East Asia,Myanmar,2012,40.4,7.86,1754334.0,3412.0,,,
SEAR,South-East Asia,Myanmar,2013,13.97,2.67,611838.0,1169.0,,,
SEAR,South-East Asia,Myanmar,2014,8.69,1.65,383705.0,729.0,,,
SEAR,South-East Asia,Myanmar,2015,6.1,1.08,271652.0,481.0,182465.0,110 449,65 536
SEAR,South-East Asia,Myanmar,2016,3.61,0.61,162032.0,274.0,110146.0,62 917,43 748
SEAR,South-East Asia,Myanmar,2017,2.67,0.46,120755.0,209.0,85019.0,50 730,32 070
SEAR,South-East Asia,Myanmar,2018,2.39,0.36,108681.0,164.0,76518.0,38 483,36 502
SEAR,South-East Asia,Myanmar,2019,1.71,0.21,78326.0,97.0,56414.0,23 017,32 788
SEAR,South-East Asia,Myanmar,2020,1.78,0.17,82134.0,77.0,58827.0,15 191,43 578
SEAR,South-East Asia,Myanmar,2021,6.3,0.5,292853.0,231.0,79000.0,14 614,63 909
SEAR,South-East Asia,Myanmar,2022,12.51,1.0,585710.0,467.0,157993.0,29 519,127 797
SEAR,South-East Asia,Myanmar,2023,17.96,1.4,847232.0,660.0,228546.0,39 173,187 345
SEAR,South-East Asia,Myanmar,2024,14.78,0.86,701778.0,410.0,189303.0,16 417,173 018
SEAR,South-East Asia,Nepal,2000,6.73,0.35,47986.0,25.0,,,
SEAR,South-East Asia,Nepal,2001,7.7,0.39,55778.0,28.0,,,
SEAR,South-East Asia,Nepal,2002,11.58,0.84,85217.0,62.0,,,
SEAR,South-East Asia,Nepal,2003,9.77,0.62,72856.0,46.0,,,
SEAR,South-East Asia,Nepal,2004,4.6,0.093,34773.0,7.0,,,
SEAR,South-East Asia,Nepal,2005,4.72,0.13,36030.0,10.0,,,
SEAR,South-East Asia,Nepal,2006,4.61,0.54,35567.0,42.0,,,
SEAR,South-East Asia,Nepal,2007,5.42,0.5,42145.0,39.0,,,
SEAR,South-East Asia,Nepal,2008,3.96,0.32,31003.0,25.0,,,
SEAR,South-East Asia,Nepal,2009,3.25,0.1,25643.0,8.0,,,
SEAR,South-East Asia,Nepal,2010,3.8,0.076,30196.0,6.0,,,
SEAR,South-East Asia,Nepal,2011,2.32,0.025,18512.0,2.0,,,
SEAR,South-East Asia,Nepal,2012,1.71,0.16,13662.0,13.0,,,
SEAR,South-East Asia,Nepal,2013,1.27,0.075,10164.0,6.0,,,
SEAR,South-East Asia,Nepal,2014,0.61,0.037,4912.0,3.0,,,
SEAR,South-East Asia,Nepal,2015,0.54,0.025,4370.0,2.0,591.0,67,504
SEAR,South-East Asia,Nepal,2016,0.41,0.037,3353.0,3.0,507.0,61,433
SEAR,South-East Asia,Nepal,2017,0.33,0.0,2690.0,0.0,623.0,25,587
SEAR,South-East Asia,Nepal,2018,0.34,0.012,2736.0,1.0,493.0,5,488
SEAR,South-East Asia,Nepal,2019,0.021,0.0,176.0,0.0,131.0,9,118
SEAR,South-East Asia,Nepal,2020,0.011,0.0,91.0,0.0,73.0,5,68
SEAR,South-East Asia,Nepal,2021,0.004,0.012,32.0,1.0,32.0,3,29
SEAR,South-East Asia,Nepal,2022,0.004,0.0,36.0,0.0,36.0,3,33
SEAR,South-East Asia,Nepal,2023,0.002,0.0,15.0,0.0,15.0,3,12
SEAR,South-East Asia,Nepal,2024,0.004,0.023,37.0,2.0,37.0,5,32
SEAR,South-East Asia,Sri Lanka,2000,47.33,1.74,210039.0,77.0,,,
SEAR,South-East Asia,Sri Lanka,2001,14.76,1.15,66522.0,52.0,,,
SEAR,South-East Asia,Sri Lanka,2002,9.09,0.66,41411.0,30.0,,,
SEAR,South-East Asia,Sri Lanka,2003,2.29,0.087,10510.0,4.0,,,
SEAR,South-East Asia,Sri Lanka,2004,0.81,0.022,3720.0,1.0,,,
SEAR,South-East Asia,Sri Lanka,2005,0.35,0.0,1640.0,0.0,,,
SEAR,South-East Asia,Sri Lanka,2006,0.13,0.021,591.0,1.0,,,
SEAR,South-East Asia,Sri Lanka,2007,0.042,0.021,198.0,1.0,,,
SEAR,South-East Asia,Sri Lanka,2008,0.14,0.0,649.0,0.0,,,
SEAR,South-East Asia,Sri Lanka,2009,0.11,0.0,531.0,0.0,,,
SEAR,South-East Asia,Sri Lanka,2010,0.14,0.0,684.0,0.0,,,
SEAR,South-East Asia,Sri Lanka,2011,0.026,0.0,124.0,0.0,,,
SEAR,South-East Asia,Sri Lanka,2012,0.005,0.0,23.0,0.0,,,
SEAR,South-East Asia,Sri Lanka,2013,0.0,0.0,0.0,0.0,,,
SEAR,South-East Asia,Sri Lanka,2014,0.0,0.0,0.0,0.0,,,
SEAR,South-East Asia,Sri Lanka,2015,0.0,0.0,0.0,0.0,0.0,0,0
SEAR,South-East Asia,Sri Lanka,2016,0.0,0.0,0.0,0.0,0.0,0,0
SEAR,South-East Asia,Sri Lanka,2017,0.0,0.0,0.0,0.0,0.0,0,0
SEAR,South-East Asia,Sri Lanka,2018,0.0,0.0,0.0,0.0,0.0,0,0
SEAR,South-East Asia,Sri Lanka,2019,0.0,0.0,0.0,0.0,0.0,0,0
SEAR,South-East Asia,Sri Lanka,2020,0.0,0.0,0.0,0.0,0.0,0,0
SEAR,South-East Asia,Sri Lanka,2021,0.0,0.0,0.0,0.0,0.0,0,0
SEAR,South-East Asia,Sri Lanka,2022,0.0,0.0,0.0,0.0,0.0,0,0
SEAR,South-East Asia,Sri Lanka,2023,0.0,0.0,0.0,0.0,0.0,0,0
SEAR,South-East Asia,Sri Lanka,2024,0.0,0.0,0.0,0.0,0.0,0,0
SEAR,South-East Asia,Thailand,2000,6.57,5.23,78561.0,625.0,,,
SEAR,South-East Asia,Thailand,2001,5.26,3.51,63528.0,424.0,,,
SEAR,South-East Asia,Thailand,2002,3.65,2.96,44555.0,361.0,,,
SEAR,South-East Asia,Thailand,2003,3.03,1.66,37355.0,204.0,,,
SEAR,South-East Asia,Thailand,2004,2.15,1.85,26690.0,230.0,,,
SEAR,South-East Asia,Thailand,2005,2.38,1.29,29782.0,161.0,,,
SEAR,South-East Asia,Thailand,2006,2.4,0.89,30294.0,113.0,,,
SEAR,South-East Asia,Thailand,2007,2.61,0.76,33178.0,97.0,,,
SEAR,South-East Asia,Thailand,2008,2.23,0.79,28569.0,101.0,,,
SEAR,South-East Asia,Thailand,2009,2.28,0.54,29462.0,70.0,,,
SEAR,South-East Asia,Thailand,2010,2.5,0.61,32480.0,80.0,,,
SEAR,South-East Asia,Thailand,2011,1.9,0.33,24897.0,43.0,,,
SEAR,South-East Asia,Thailand,2012,3.56,0.28,46895.0,37.0,,,
SEAR,South-East Asia,Thailand,2013,3.14,0.35,41602.0,47.0,,,
SEAR,South-East Asia,Thailand,2014,3.09,0.29,41218.0,38.0,,,
SEAR,South-East Asia,Thailand,2015,1.31,0.25,17494.0,33.0,17495.0,3301,4655
SEAR,South-East Asia,Thailand,2016,0.9,0.2,12076.0,27.0,12076.0,1774,5765
SEAR,South-East Asia,Thailand,2017,0.55,0.11,7415.0,15.0,7416.0,846,4802
SEAR,South-East Asia,Thailand,2018,0.38,0.11,5110.0,15.0,5110.0,447,3575
SEAR,South-East Asia,Thailand,2019,0.3,0.096,4063.0,13.0,4065.0,391,3443
SEAR,South-East Asia,Thailand,2020,0.23,0.022,3123.0,3.0,3123.0,155,2892
SEAR,South-East Asia,Thailand,2021,0.18,0.0,2426.0,0.0,2426.0,53,2313
SEAR,South-East Asia,Thailand,2022,0.46,0.0,6262.0,0.0,6263.0,167,6012
SEAR,South-East Asia,Thailand,2023,0.67,0.037,9169.0,5.0,9170.0,171,8854
SEAR,South-East Asia,Thailand,2024,0.58,0.015,7878.0,2.0,7879.0,230,7577
SEAR,South-East Asia,Timor-Leste,2000,158.4,30.11,110986.0,211.0,,,
SEAR,South-East Asia,Timor-Leste,2001,158.4,30.11,120990.0,230.0,,,
SEAR,South-East Asia,Timor-Leste,2002,126.2,24.07,104357.0,199.0,,,
SEAR,South-East Asia,Timor-Leste,2003,78.3,14.5,67524.0,125.0,,,
SEAR,South-East Asia,Timor-Leste,2004,267.8,51.38,234045.0,449.0,,,
SEAR,South-East Asia,Timor-Leste,2005,172.4,34.08,153748.0,304.0,,,
SEAR,South-East Asia,Timor-Leste,2006,178.9,35.49,164285.0,326.0,,,
SEAR,South-East Asia,Timor-Leste,2007,121.4,23.91,114693.0,226.0,,,
SEAR,South-East Asia,Timor-Leste,2008,138.2,27.91,134166.0,271.0,,,
SEAR,South-East Asia,Timor-Leste,2009,100.6,19.88,100128.0,198.0,,,
SEAR,South-East Asia,Timor-Leste,2010,93.53,19.02,95412.0,194.0,,,
SEAR,South-East Asia,Timor-Leste,2011,29.52,6.23,30828.0,65.0,,,
SEAR,South-East Asia,Timor-Leste,2012,6.8,0.84,7263.0,9.0,,,
SEAR,South-East Asia,Timor-Leste,2013,1.3,0.28,1418.0,3.0,,,
SEAR,South-East Asia,Timor-Leste,2014,0.43,0.09,473.0,1.0,,,
SEAR,South-East Asia,Timor-Leste,2015,0.097,0.0,110.0,0.0,80.0,33,24
SEAR,South-East Asia,Timor-Leste,2016,0.097,0.0,112.0,0.0,81.0,46,7
SEAR,South-East Asia,Timor-Leste,2017,0.014,0.0,16.0,0.0,16.0,4,3
SEAR,South-East Asia,Timor-Leste,2018,0.0,0.0,0.0,0.0,0.0,0,0
SEAR,South-East Asia,Timor-Leste,2019,0.0,0.0,0.0,0.0,0.0,0,0
SEAR,South-East Asia,Timor-Leste,2020,0.002,0.0,3.0,0.0,3.0,2,0
SEAR,South-East Asia,Timor-Leste,2021,0.0,0.0,0.0,0.0,0.0,0,0
SEAR,South-East Asia,Timor-Leste,2022,0.0,0.0,0.0,0.0,0.0,0,0
SEAR,South-East Asia,Timor-Leste,2023,0.0,0.0,0.0,0.0,0.0,0,0
SEAR,South-East Asia,Timor-Leste,2024,0.0,0.0,0.0,0.0,0.0,0,0
WPR,Western Pacific,Cambodia,2000,75.47,17.84,669109.0,1582.0,,,
WPR,Western Pacific,Cambodia,2001,43.16,10.04,388681.0,904.0,,,
WPR,Western Pacific,Cambodia,2002,38.16,8.78,349008.0,803.0,,,
WPR,Western Pacific,Cambodia,2003,50.07,11.44,464899.0,1062.0,,,
WPR,Western Pacific,Cambodia,2004,42.78,9.49,403094.0,894.0,,,
WPR,Western Pacific,Cambodia,2005,40.66,7.37,388706.0,705.0,,,
WPR,Western Pacific,Cambodia,2006,45.14,9.24,437975.0,897.0,,,
WPR,Western Pacific,Cambodia,2007,19.41,4.0,191165.0,394.0,,,
WPR,Western Pacific,Cambodia,2008,21.49,4.97,214883.0,497.0,,,
WPR,Western Pacific,Cambodia,2009,41.97,8.4,426267.0,853.0,,,
WPR,Western Pacific,Cambodia,2010,34.25,6.24,353293.0,644.0,,,
WPR,Western Pacific,Cambodia,2011,35.14,6.12,368041.0,641.0,,,
WPR,Western Pacific,Cambodia,2012,24.46,3.6,260016.0,383.0,,,
WPR,Western Pacific,Cambodia,2013,15.64,2.14,168806.0,231.0,,,
WPR,Western Pacific,Cambodia,2014,21.95,3.64,240449.0,399.0,,,
WPR,Western Pacific,Cambodia,2015,19.69,3.37,218837.0,374.0,68109.0,17 830,13 146
WPR,Western Pacific,Cambodia,2016,11.01,1.81,124137.0,204.0,43380.0,12 156,9816
WPR,Western Pacific,Cambodia,2017,17.73,2.94,202696.0,336.0,76804.0,20 328,15 207
WPR,Western Pacific,Cambodia,2018,6.05,0.59,70095.0,68.0,62582.0,10 525,30 680
WPR,Western Pacific,Cambodia,2019,3.08,0.22,36061.0,26.0,32196.0,4833,26 871
WPR,Western Pacific,Cambodia,2020,0.94,0.05,11157.0,6.0,9962.0,1073,8722
WPR,Western Pacific,Cambodia,2021,0.36,0.0,4382.0,0.0,4382.0,342,4018
WPR,Western Pacific,Cambodia,2022,0.33,0.0,4047.0,0.0,4047.0,396,3577
WPR,Western Pacific,Cambodia,2023,0.11,0.0,1371.0,0.0,1371.0,34,1307
WPR,Western Pacific,Cambodia,2024,0.026,0.0,322.0,0.0,322.0,2,295
WPR,Western Pacific,China,2000,0.015,0.007,8025.0,39.0,,,
WPR,Western Pacific,China,2001,0.04,0.006,21237.0,30.0,,,
WPR,Western Pacific,China,2002,0.047,0.008,25520.0,42.0,,,
WPR,Western Pacific,China,2003,0.053,0.01,28491.0,52.0,,,
WPR,Western Pacific,China,2004,0.05,0.006,27197.0,31.0,,,
WPR,Western Pacific,China,2005,0.04,0.009,21936.0,48.0,,,
WPR,Western Pacific,China,2006,0.064,0.007,35383.0,38.0,,,
WPR,Western Pacific,China,2007,0.053,0.003,29304.0,18.0,,,
WPR,Western Pacific,China,2008,0.03,0.004,16650.0,23.0,,,
WPR,Western Pacific,China,2009,0.017,0.002,9287.0,12.0,,,
WPR,Western Pacific,China,2010,0.009,0.003,4990.0,19.0,,,
WPR,Western Pacific,China,2011,0.002,0.006,1308.0,33.0,,,
WPR,Western Pacific,China,2012,0.0004,0.0,244.0,0.0,,,
WPR,Western Pacific,China,2013,0.0001,0.0,83.0,0.0,,,
WPR,Western Pacific,China,2014,0.0001,0.0,53.0,0.0,,,
WPR,Western Pacific,China,2015,0.0001,0.0,39.0,0.0,39.0,1,26
WPR,Western Pacific,China,2016,0.0,0.0,1.0,0.0,1.0,0,1
WPR,Western Pacific,China,2017,0.0,0.0,0.0,0.0,0.0,0,0
WPR,Western Pacific,China,2018,0.0,0.0,0.0,0.0,0.0,0,0
WPR,Western Pacific,China,2019,0.0,0.0,0.0,0.0,0.0,0,0
WPR,Western Pacific,China,2020,0.0,0.0,0.0,0.0,0.0,0,0
WPR,Western Pacific,China,2021,,,0.0,0.0,,,
WPR,Western Pacific,China,2022,0.0,0.0,0.0,0.0,0.0,0,0
WPR,Western Pacific,China,2023,,,0.0,0.0,,,
WPR,Western Pacific,China,2024,0.0,0.0,0.0,0.0,0.0,0,0
WPR,Western Pacific,Indonesia,2000,5.28,0.72,1141729.0,1550.0,,,
WPR,Western Pacific,Indonesia,2001,5.28,0.72,1157687.0,1572.0,,,
WPR,Western Pacific,Indonesia,2002,5.28,0.72,1173489.0,1593.0,,,
WPR,Western Pacific,Indonesia,2003,5.28,0.72,1189126.0,1615.0,,,
WPR,Western Pacific,Indonesia,2004,4.77,0.6,1087185.0,1367.0,,,
WPR,Western Pacific,Indonesia,2005,5.14,0.71,1187260.0,1647.0,,,
WPR,Western Pacific,Indonesia,2006,5.92,0.84,1385963.0,1957.0,,,
WPR,Western Pacific,Indonesia,2007,5.28,0.72,1252609.0,1701.0,,,
WPR,Western Pacific,Indonesia,2008,5.28,0.72,1268965.0,1723.0,,,
WPR,Western Pacific,Indonesia,2009,5.28,0.72,1285145.0,1745.0,,,
WPR,Western Pacific,Indonesia,2010,8.09,1.3,1991459.0,3209.0,,,
WPR,Western Pacific,Indonesia,2011,7.26,1.15,1811566.0,2875.0,,,
WPR,Western Pacific,Indonesia,2012,7.11,1.12,1797022.0,2837.0,,,
WPR,Western Pacific,Indonesia,2013,5.98,0.96,1529542.0,2446.0,,,
WPR,Western Pacific,Indonesia,2014,4.49,0.73,1163077.0,1895.0,,,
WPR,Western Pacific,Indonesia,2015,3.97,0.63,1039394.0,1651.0,217017.0,103 315,94 267
WPR,Western Pacific,Indonesia,2016,4.11,0.72,1087349.0,1893.0,218449.0,118 844,81 748
WPR,Western Pacific,Indonesia,2017,2.78,0.49,744237.0,1306.0,261557.0,143 926,95 694
WPR,Western Pacific,Indonesia,2018,2.45,0.42,662497.0,1142.0,222125.0,116 035,84 862
WPR,Western Pacific,Indonesia,2019,1.96,0.35,533736.0,962.0,250553.0,142 036,86 742
WPR,Western Pacific,Indonesia,2020,1.93,0.35,530261.0,974.0,254001.0,141 807,83 743
WPR,Western Pacific,Indonesia,2021,1.56,0.27,430908.0,749.0,304579.0,152 724,114 301
WPR,Western Pacific,Indonesia,2022,1.99,0.35,555037.0,977.0,443446.0,152 899,101 300
WPR,Western Pacific,Indonesia,2023,1.81,0.31,510209.0,878.0,418208.0,200 519,160 325
WPR,Western Pacific,Indonesia,2024,2.23,0.4,631231.0,1138.0,543625.0,275 503,187 743
WPR,Western Pacific,Lao People's Democratic Republic,2000,31.76,12.38,89755.0,350.0,,,
WPR,Western Pacific,Lao People's Democratic Republic,2001,21.61,8.42,62084.0,242.0,,,
WPR,Western Pacific,Lao People's Democratic Republic,2002,17.26,6.68,50404.0,195.0,,,
WPR,Western Pacific,Lao People's Democratic Republic,2003,15.42,6.31,45710.0,187.0,,,
WPR,Western Pacific,Lao People's Democratic Republic,2004,13.41,3.49,40333.0,105.0,,,
WPR,Western Pacific,Lao People's Democratic Republic,2005,11.46,2.82,35002.0,86.0,,,
WPR,Western Pacific,Lao People's Democratic Republic,2006,15.78,3.96,48965.0,123.0,,,
WPR,Western Pacific,Lao People's Democratic Republic,2007,14.5,3.65,45688.0,115.0,,,
WPR,Western Pacific,Lao People's Democratic Republic,2008,12.95,3.25,41446.0,104.0,,,
WPR,Western Pacific,Lao People's Democratic Republic,2009,14.62,3.69,47466.0,120.0,,,
WPR,Western Pacific,Lao People's Democratic Republic,2010,13.28,3.31,43766.0,109.0,,,
WPR,Western Pacific,Lao People's Democratic Republic,2011,9.08,2.18,30366.0,73.0,,,
WPR,Western Pacific,Lao People's Democratic Republic,2012,23.57,5.13,79939.0,174.0,,,
WPR,Western Pacific,Lao People's Democratic Republic,2013,19.93,3.63,68570.0,125.0,,,
WPR,Western Pacific,Lao People's Democratic Republic,2014,25.16,3.84,87770.0,134.0,,,
WPR,Western Pacific,Lao People's Democratic Republic,2015,17.66,2.26,62489.0,80.0,36078.0,14 439,20 815
WPR,Western Pacific,Lao People's Democratic Republic,2016,7.47,0.89,26862.0,32.0,15509.0,5737,9441
WPR,Western Pacific,Lao People's Democratic Republic,2017,4.0,0.58,14609.0,21.0,8435.0,4169,4104
WPR,Western Pacific,Lao People's Democratic Republic,2018,4.22,0.62,15654.0,23.0,9038.0,4828,4099
WPR,Western Pacific,Lao People's Democratic Republic,2019,2.8,0.29,10541.0,11.0,6692.0,2168,4444
WPR,Western Pacific,Lao People's Democratic Republic,2020,1.48,0.18,5674.0,7.0,3489.0,1573,1879
WPR,Western Pacific,Lao People's Democratic Republic,2021,1.65,0.15,6403.0,6.0,3897.0,1339,2536
WPR,Western Pacific,Lao People's Democratic Republic,2022,0.94,0.076,3713.0,3.0,2272.0,473,1780
WPR,Western Pacific,Lao People's Democratic Republic,2023,0.29,0.0,1141.0,0.0,682.0,85,591
WPR,Western Pacific,Lao People's Democratic Republic,2024,0.13,0.0,538.0,0.0,328.0,39,277
WPR,Western Pacific,Malaysia,2000,13.83,3.81,12705.0,35.0,,,
WPR,Western Pacific,Malaysia,2001,13.58,4.89,12780.0,46.0,,,
WPR,Western Pacific,Malaysia,2002,11.43,3.94,11019.0,38.0,,,
WPR,Western Pacific,Malaysia,2003,6.42,2.13,6338.0,21.0,,,
WPR,Western Pacific,Malaysia,2004,6.09,3.46,6154.0,35.0,,,
WPR,Western Pacific,Malaysia,2005,5.39,3.19,5569.0,33.0,,,
WPR,Western Pacific,Malaysia,2006,5.01,1.99,5294.0,21.0,,,
WPR,Western Pacific,Malaysia,2007,3.75,1.39,4048.0,15.0,,,
WPR,Western Pacific,Malaysia,2008,5.51,1.81,6071.0,20.0,,,
WPR,Western Pacific,Malaysia,2009,5.29,2.04,5955.0,23.0,,,
WPR,Western Pacific,Malaysia,2010,4.53,1.13,5194.0,13.0,,,
WPR,Western Pacific,Malaysia,2011,3.39,0.94,3954.0,11.0,,,
WPR,Western Pacific,Malaysia,2012,3.09,0.93,3662.0,11.0,,,
WPR,Western Pacific,Malaysia,2013,0.85,0.83,1028.0,10.0,,,
WPR,Western Pacific,Malaysia,2014,0.49,0.33,596.0,4.0,,,
WPR,Western Pacific,Malaysia,2015,0.19,0.32,242.0,4.0,242.0,110,84
WPR,Western Pacific,Malaysia,2016,0.21,0.16,266.0,2.0,266.0,67,178
WPR,Western Pacific,Malaysia,2017,0.066,0.077,85.0,1.0,85.0,18,59
WPR,Western Pacific,Malaysia,2018,0.0,0.0,0.0,0.0,0.0,0,0
WPR,Western Pacific,Malaysia,2019,0.0,0.0,0.0,0.0,0.0,0,0
WPR,Western Pacific,Malaysia,2020,0.0,0.0,0.0,0.0,0.0,0,0
WPR,Western Pacific,Malaysia,2021,0.0,0.0,0.0,0.0,0.0,0,0
WPR,Western Pacific,Malaysia,2022,0.0,0.0,0.0,0.0,0.0,0,0
WPR,Western Pacific,Malaysia,2023,0.0,0.0,0.0,0.0,0.0,0,0
WPR,Western Pacific,Malaysia,2024,0.0,0.0,0.0,0.0,0.0,0,0
WPR,Western Pacific,Papua New Guinea,2000,264.1,56.74,1462249.0,3142.0,,,
WPR,Western Pacific,Papua New Guinea,2001,252.0,53.68,1443554.0,3075.0,,,
WPR,Western Pacific,Papua New Guinea,2002,208.6,44.48,1235844.0,2635.0,,,
WPR,Western Pacific,Papua New Guinea,2003,217.7,45.98,1333205.0,2816.0,,,
WPR,Western Pacific,Papua New Guinea,2004,269.9,55.58,1708217.0,3517.0,,,
WPR,Western Pacific,Papua New Guinea,2005,216.3,42.78,1413497.0,2796.0,,,
WPR,Western Pacific,Papua New Guinea,2006,219.6,43.33,1481681.0,2924.0,,,
WPR,Western Pacific,Papua New Guinea,2007,179.7,38.66,1251261.0,2692.0,,,
WPR,Western Pacific,Papua New Guinea,2008,164.3,34.92,1180316.0,2508.0,,,
WPR,Western Pacific,Papua New Guinea,2009,211.1,45.61,1563409.0,3378.0,,,
WPR,Western Pacific,Papua New Guinea,2010,141.4,30.84,1079284.0,2354.0,,,
WPR,Western Pacific,Papua New Guinea,2011,114.4,25.85,899054.0,2032.0,,,
WPR,Western Pacific,Papua New Guinea,2012,154.7,33.89,1249917.0,2739.0,,,
WPR,Western Pacific,Papua New Guinea,2013,171.1,41.58,1420220.0,3452.0,,,
WPR,Western Pacific,Papua New Guinea,2014,189.3,36.86,1613869.0,3142.0,,,
WPR,Western Pacific,Papua New Guinea,2015,101.2,21.27,884727.0,1860.0,346431.0,118 452,62 228
WPR,Western Pacific,Papua New Guinea,2016,134.9,28.66,1208966.0,2568.0,534819.0,183 686,95 328
WPR,Western Pacific,Papua New Guinea,2017,134.0,27.35,1230223.0,2510.0,488878.0,163 160,113 561
WPR,Western Pacific,Papua New Guinea,2018,138.6,27.37,1301773.0,2571.0,516249.0,174 818,138 006
WPR,Western Pacific,Papua New Guinea,2019,140.1,28.04,1346175.0,2694.0,646648.0,181 463,163 237
WPR,Western Pacific,Papua New Guinea,2020,149.8,30.18,1470120.0,2962.0,750254.0,189 397,186 981
WPR,Western Pacific,Papua New Guinea,2021,123.6,24.46,1237112.0,2449.0,651963.0,181 927,172 964
WPR,Western Pacific,Papua New Guinea,2022,162.7,33.3,1660032.0,3398.0,899510.0,254 496,211 111
WPR,Western Pacific,Papua New Guinea,2023,147.2,29.64,1529373.0,3080.0,839537.0,265 571,209 647
WPR,Western Pacific,Papua New Guinea,2024,151.8,31.34,1605117.0,3315.0,910747.0,314 222,206 016
WPR,Western Pacific,Philippines,2000,1.73,1.16,79974.0,536.0,,,
WPR,Western Pacific,Philippines,2001,1.19,0.93,56147.0,439.0,,,
WPR,Western Pacific,Philippines,2002,1.46,0.37,70585.0,180.0,,,
WPR,Western Pacific,Philippines,2003,2.04,0.52,100493.0,257.0,,,
WPR,Western Pacific,Philippines,2004,1.82,0.46,91225.0,233.0,,,
WPR,Western Pacific,Philippines,2005,1.63,0.33,83163.0,167.0,,,
WPR,Western Pacific,Philippines,2006,1.98,0.39,102993.0,203.0,,,
WPR,Western Pacific,Philippines,2007,2.13,0.41,112751.0,218.0,,,
WPR,Western Pacific,Philippines,2008,1.39,0.27,74621.0,144.0,,,
WPR,Western Pacific,Philippines,2009,1.07,0.21,58824.0,116.0,,,
WPR,Western Pacific,Philippines,2010,0.96,0.2,53512.0,113.0,,,
WPR,Western Pacific,Philippines,2011,0.42,0.082,23918.0,47.0,,,
WPR,Western Pacific,Philippines,2012,0.33,0.06,19171.0,35.0,,,
WPR,Western Pacific,Philippines,2013,0.3,0.061,17518.0,36.0,,,
WPR,Western Pacific,Philippines,2014,0.24,0.05,14318.0,30.0,,,
WPR,Western Pacific,Philippines,2015,0.46,0.1,27904.0,63.0,11325.0,4769,755
WPR,Western Pacific,Philippines,2016,0.28,0.061,17308.0,38.0,6625.0,5282,816
WPR,Western Pacific,Philippines,2017,0.26,0.057,16586.0,36.0,6737.0,3258,551
WPR,Western Pacific,Philippines,2018,0.17,0.039,10900.0,25.0,4559.0,1310,116
WPR,Western Pacific,Philippines,2019,0.21,0.048,13536.0,31.0,5681.0,5034,537
WPR,Western Pacific,Philippines,2020,0.23,0.051,15088.0,33.0,6094.0,5234,736
WPR,Western Pacific,Philippines,2021,0.16,0.034,10606.0,22.0,4262.0,3347,703
WPR,Western Pacific,Philippines,2022,0.12,0.026,8160.0,17.0,3211.0,2509,523
WPR,Western Pacific,Philippines,2023,0.23,0.049,15505.0,33.0,6193.0,5040,916
WPR,Western Pacific,Philippines,2024,0.35,0.073,23742.0,49.0,8952.0,6866,1801
WPR,Western Pacific,Republic of Korea,2000,1.28,0.0,4183.0,0.0,,,
WPR,Western Pacific,Republic of Korea,2001,0.78,0.0,2556.0,0.0,,,
WPR,Western Pacific,Republic of Korea,2002,0.54,0.0,1799.0,0.0,,,
WPR,Western Pacific,Republic of Korea,2003,0.35,0.0,1171.0,0.0,,,
WPR,Western Pacific,Republic of Korea,2004,0.26,0.0,864.0,0.0,,,
WPR,Western Pacific,Republic of Korea,2005,0.41,0.0,1369.0,0.0,,,
WPR,Western Pacific,Republic of Korea,2006,0.61,0.0,2051.0,0.0,,,
WPR,Western Pacific,Republic of Korea,2007,0.66,0.03,2227.0,1.0,,,
WPR,Western Pacific,Republic of Korea,2008,0.31,0.0,1063.0,0.0,,,
WPR,Western Pacific,Republic of Korea,2009,0.26,0.029,898.0,1.0,,,
WPR,Western Pacific,Republic of Korea,2010,0.37,0.029,1267.0,1.0,,,
WPR,Western Pacific,Republic of Korea,2011,0.15,0.058,505.0,2.0,,,
WPR,Western Pacific,Republic of Korea,2012,0.11,0.0,394.0,0.0,,,
WPR,Western Pacific,Republic of Korea,2013,0.11,0.0,383.0,0.0,,,
WPR,Western Pacific,Republic of Korea,2014,0.16,0.0,557.0,0.0,,,
WPR,Western Pacific,Republic of Korea,2015,0.18,0.0,627.0,0.0,627.0,0,627
WPR,Western Pacific,Republic of Korea,2016,0.17,0.0,602.0,0.0,602.0,0,602
WPR,Western Pacific,Republic of Korea,2017,0.12,0.0,436.0,0.0,436.0,0,436
WPR,Western Pacific,Republic of Korea,2018,0.14,0.0,501.0,0.0,501.0,0,501
WPR,Western Pacific,Republic of Korea,2019,0.13,0.0,485.0,0.0,485.0,0,485
WPR,Western Pacific,Republic of Korea,2020,0.098,0.0,356.0,0.0,356.0,0,356
WPR,Western Pacific,Republic of Korea,2021,0.075,0.0,274.0,0.0,274.0,0,274
WPR,Western Pacific,Republic of Korea,2022,0.11,0.0,382.0,0.0,382.0,0,348
WPR,Western Pacific,Republic of Korea,2023,0.18,0.0,662.0,0.0,662.0,0,644
WPR,Western Pacific,Republic of Korea,2024,0.18,0.0,640.0,0.0,640.0,0,632
WPR,Western Pacific,Solomon Islands,2000,583.8,109.2,254582.0,476.0,,,
WPR,Western Pacific,Solomon Islands,2001,643.1,117.2,285929.0,521.0,,,
WPR,Western Pacific,Solomon Islands,2002,618.2,113.2,280109.0,513.0,,,
WPR,Western Pacific,Solomon Islands,2003,518.3,98.81,239181.0,456.0,,,
WPR,Western Pacific,Solomon Islands,2004,719.0,138.8,337823.0,652.0,,,
WPR,Western Pacific,Solomon Islands,2005,598.0,114.4,286015.0,547.0,,,
WPR,Western Pacific,Solomon Islands,2006,579.2,112.8,281888.0,549.0,,,
WPR,Western Pacific,Solomon Islands,2007,314.0,62.61,155491.0,310.0,,,
WPR,Western Pacific,Solomon Islands,2008,184.9,36.13,93119.0,182.0,,,
WPR,Western Pacific,Solomon Islands,2009,146.8,27.68,75305.0,142.0,,,
WPR,Western Pacific,Solomon Islands,2010,173.3,30.89,91425.0,163.0,,,
WPR,Western Pacific,Solomon Islands,2011,114.5,19.73,62676.0,108.0,,,
WPR,Western Pacific,Solomon Islands,2012,91.96,15.67,52221.0,89.0,,,
WPR,Western Pacific,Solomon Islands,2013,91.15,14.09,53689.0,83.0,,,
WPR,Western Pacific,Solomon Islands,2014,56.99,9.17,34803.0,56.0,,,
WPR,Western Pacific,Solomon Islands,2015,62.89,9.0,39811.0,57.0,23998.0,10 478,12 150
WPR,Western Pacific,Solomon Islands,2016,128.4,15.71,84179.0,103.0,54432.0,16 607,33 060
WPR,Western Pacific,Solomon Islands,2017,156.8,20.18,106437.0,137.0,52519.0,15 400,30 169
WPR,Western Pacific,Solomon Islands,2018,125.9,15.81,88372.0,111.0,59191.0,15 771,35 072
WPR,Western Pacific,Solomon Islands,2019,195.8,22.33,141113.0,161.0,72767.0,15 595,47 164
WPR,Western Pacific,Solomon Islands,2020,154.7,16.82,114019.0,124.0,77637.0,14 753,52 039
WPR,Western Pacific,Solomon Islands,2021,204.1,21.86,154113.0,165.0,84139.0,22 057,57 095
WPR,Western Pacific,Solomon Islands,2022,210.9,26.77,163117.0,207.0,100995.0,27 221,59 155
WPR,Western Pacific,Solomon Islands,2023,240.8,31.31,190734.0,248.0,123476.0,33 392,70 635
WPR,Western Pacific,Solomon Islands,2024,224.3,27.5,181892.0,223.0,105373.0,32 239,64 133
WPR,Western Pacific,Vanuatu,2000,124.4,18.25,23167.0,34.0,,,
WPR,Western Pacific,Vanuatu,2001,97.9,12.56,18702.0,24.0,,,
WPR,Western Pacific,Vanuatu,2002,187.1,26.55,36655.0,52.0,,,
WPR,Western Pacific,Vanuatu,2003,212.6,33.87,42687.0,68.0,,,
WPR,Western Pacific,Vanuatu,2004,148.6,22.36,30560.0,46.0,,,
WPR,Western Pacific,Vanuatu,2005,121.6,16.61,25624.0,35.0,,,
WPR,Western Pacific,Vanuatu,2006,106.3,13.89,22943.0,30.0,,,
WPR,Western Pacific,Vanuatu,2007,123.4,16.27,27312.0,36.0,,,
WPR,Western Pacific,Vanuatu,2008,118.0,16.31,26771.0,37.0,,,
WPR,Western Pacific,Vanuatu,2009,63.97,9.45,14887.0,22.0,,,
WPR,Western Pacific,Vanuatu,2010,88.03,11.33,20972.0,27.0,,,
WPR,Western Pacific,Vanuatu,2011,47.77,5.75,11631.0,14.0,,,
WPR,Western Pacific,Vanuatu,2012,34.38,0.0,8557.0,0.0,,,
WPR,Western Pacific,Vanuatu,2013,21.77,0.0,5539.0,0.0,,,
WPR,Western Pacific,Vanuatu,2014,9.91,0.0,2579.0,0.0,,,
WPR,Western Pacific,Vanuatu,2015,3.3,0.0,877.0,0.0,571.0,150,273
WPR,Western Pacific,Vanuatu,2016,17.06,0.0,4643.0,0.0,2243.0,186,1682
WPR,Western Pacific,Vanuatu,2017,9.28,0.0,2585.0,0.0,1227.0,273,798
WPR,Western Pacific,Vanuatu,2018,4.79,0.0,1367.0,0.0,632.0,42,590
WPR,Western Pacific,Vanuatu,2019,4.32,0.0,1262.0,0.0,567.0,36,531
WPR,Western Pacific,Vanuatu,2020,3.78,0.0,1130.0,0.0,493.0,38,469
WPR,Western Pacific,Vanuatu,2021,2.41,0.0,738.0,0.0,312.0,0,312
WPR,Western Pacific,Vanuatu,2022,8.62,0.0,2700.0,0.0,1102.0,0,1102
WPR,Western Pacific,Vanuatu,2023,17.94,0.0,5748.0,0.0,2261.0,0,2256
WPR,Western Pacific,Vanuatu,2024,12.25,0.0,4014.0,0.0,1579.0,0,1577
WPR,Western Pacific,Viet Nam,2000,3.54,0.74,201414.0,421.0,,,
WPR,Western Pacific,Viet Nam,2001,3.22,0.66,185145.0,380.0,,,
WPR,Western Pacific,Viet Nam,2002,2.26,0.47,131451.0,271.0,,,
WPR,Western Pacific,Viet Nam,2003,1.65,0.34,96592.0,197.0,,,
WPR,Western Pacific,Viet Nam,2004,0.96,0.19,56559.0,115.0,,,
WPR,Western Pacific,Viet Nam,2005,0.68,0.13,40604.0,79.0,,,
WPR,Western Pacific,Viet Nam,2006,0.72,0.15,43620.0,92.0,,,
WPR,Western Pacific,Viet Nam,2007,0.45,0.086,28022.0,53.0,,,
WPR,Western Pacific,Viet Nam,2008,0.29,0.04,17911.0,25.0,,,
WPR,Western Pacific,Viet Nam,2009,0.36,0.074,22853.0,47.0,,,
WPR,Western Pacific,Viet Nam,2010,0.36,0.07,22959.0,45.0,,,
WPR,Western Pacific,Viet Nam,2011,0.31,0.055,20206.0,36.0,,,
WPR,Western Pacific,Viet Nam,2012,0.36,0.062,23838.0,41.0,,,
WPR,Western Pacific,Viet Nam,2013,0.31,0.051,20760.0,34.0,,,
WPR,Western Pacific,Viet Nam,2014,0.28,0.043,19060.0,29.0,,,
WPR,Western Pacific,Viet Nam,2015,0.16,0.023,11283.0,16.0,9331.0,4327,4756
WPR,Western Pacific,Viet Nam,2016,0.073,0.01,5024.0,7.0,4161.0,2323,1750
WPR,Western Pacific,Viet Nam,2017,0.078,0.013,5485.0,9.0,4548.0,2858,1608
WPR,Western Pacific,Viet Nam,2018,0.053,0.001,3777.0,1.0,3132.0,2966,1751
WPR,Western Pacific,Viet Nam,2019,0.054,0.0,3856.0,0.0,3200.0,3110,1541
WPR,Western Pacific,Viet Nam,2020,0.023,0.0,1657.0,0.0,1376.0,792,573
WPR,Western Pacific,Viet Nam,2021,0.005,0.0,377.0,0.0,377.0,142,233
WPR,Western Pacific,Viet Nam,2022,0.006,0.0,412.0,0.0,412.0,234,163
WPR,Western Pacific,Viet Nam,2023,0.005,0.0,373.0,0.0,373.0,60,195
WPR,Western Pacific,Viet Nam,2024,0.003,0.0,239.0,0.0,239.0,111,51
